STATUS CODE,CLOSE/OPEN,AREA CHECK POINT,GROUPING,TRIGGER STATUS,IDENTIFIKASI,DESCRIPTION,DEFINISI (Bahasa Indonesia),DISPLAYED AT ORION,-,DISPLAYED AT WEBSITE,-.1,DISPLAYED AT MYJNE,SMS NOTIFICATION SCRIPT,STATUS POD,STATUS FOLLOW UP
CR8,CLOSE, DELIVERY,RETURN,,RUNSHEET (DRI),KIRIMAN DIKEMBALIKAN KE MARKETPLACE,KIRIMAN DIKEMBALIKAN ATAS PERMINTAAN MARKETPLACE KARENA KONDISI TERTENTU/KARENA GAGAL PENGANTARAN KE ALAMAT SHIPPER,RETURN TO MARKETPLACE,,RETURN TO MARKETPLACE,,,,CLOSE / RETURN ORIGIN,
CR6,OPEN,UNDEL,UNDELIVERED/FAIL DELIVERY,,RUNSHEET (DRI),SHIPMENT CHANGED TO NEW ADDRESS,NEW ADDRESS,,,,,,,CLOSE / SUKSES,
CR5,OPEN,UNDEL,CUSTOMER REQUEST,,RUNSHEET (DRI),SHIPMENT BEING HELD AS SHIPPERS REQUEST,HOLD FOR FURTHER INSTRUCTIONS,,,SHIPMENT BEING HELD AS SHIPPERS REQUEST,,,,CLOSE / CR,
C02,,OUTBOUND,PROBLEM SHIPMENT,,PROPOSE DI FUNGSI MODULE IRREG,CLAIM DAMAGE PROCESS,,,Y,SHIPMENT PROBLEM,N,N,,CLOSE,
CR4,CLOSE,UNDEL,DESTROYED,,RUNSHEET (DRI),SHIPMENT DESTROYED,DESTROYED,,,SHIPMENT DESTROYED AS COMPANY REGULATION,,,,CLOSE / CR,
DP2,,DELIVERY,PROBLEM SHIPMENT,,RUNSHEET (DRI),KIRIMAN SUDAH DIAMBIL,,,,,,,,,
DP3,,DELIVERY,PROBLEM SHIPMENT,,RUNSHEET (DRI),TIDAK MASUK AREA LAYANAN YES (OUT OF YES AREA),,,,,,,,,
HL1,,OUTBOUND,"HOLD 
PROCESS ",,PROPOSE DI FUNGSI MODULE IRREG,MISMATCH DATA,PENUNDAAN PROSES PENGIRIMAN DI WAREHOUSE KARENA ADA KETIDAKSESUAIAN ANTARA DATA DENGAN FISIK KIRIMAN ,SHIPMENT BEING HELD AT WAREHOUSE DUE TO DATA MISMATCH ,TRANSPORT PROBLEM,SHIPMENT IS BEING HELD DUE TO MISMATCH DATA,Y,Y,,CLOSE / UNDEL,IT
OPX,,OUTBOUND,"OUTBOUND
 PROCESS",,PROPOSE DI FUNGSI MODULE IRREG,RECEIVED AT SORTING CENTER,PROSES PENYERAHAN KIRIMAN IRREGULARITY DARI PETUGAS TRANSPORT/GATEWAY KEPADA PETUGAS CHECKER OUTBOUND,,TRANSPORT PROBLEM,RECEIVED AT SORTING CENTER [CITY),Y,Y,,,IT
OMX,,OUTBOUND,"OUTBOUND
 PROCESS",,PROPOSE DI FUNGSI MODULE IRREG,OUTBOUND MANIFEST ,PROSES PEMBUATAN DATA KIRIMAN  IRREGULARITY YANG AKAN DIBERANGKATKAN ,,TRANSPORT PROBLEM,PROCESSED AT SORTING CENTER [CITY],Y,Y,,,IT
T01,,"TRANSPORT
 ","TRANSPORT
 IRREGULARITY
  ",,PROPOSE DI FUNGSI MODULE IRREG,OFFLOAD,KIRIMAN SUDAH MASUK PESAWAT/SARANA PENGANGKUT TETAPI KARENA SESUATU HAL KIRIMAN DITURUNKAN KEMBALI ,"SHIPMENT ALREADY UPLOADED, BUT UNLOADED DUE TO CERTAIN REASON",Y,TRANSPORT PROBLEM,Y,Y,,,IT
T02,,"TRANSPORT
 ","TRANSPORT
 IRREGULARITY
  ",,PROPOSE DI FUNGSI MODULE IRREG,OVERLOAD,KIRIMAN TIDAK DAPAT BERANGKAT DIKARENAKAN SUDAH MELEBIHI KAPASITAS MUATAN SARANA PENGANGKUT,SHIPMENT CAN NOT BE LOADED DUE TO CARRIER ALREADY OVER CAPACITY,Y,TRANSPORT PROBLEM,Y,Y,,,IT
T03,,"TRANSPORT
 ","TRANSPORT
 IRREGULARITY
  ",,PROPOSE DI FUNGSI MODULE IRREG,STRANDED,KONDISI KIRIMAN TERTAHAN DI KOTA TRANSIT,SHIPMENT BEING HELD AT TRANSIT CITY,Y,TRANSPORT PROBLEM,Y,Y,,,IT
T04,,"TRANSPORT
 ","TRANSPORT
 IRREGULARITY
  ",,PROPOSE DI FUNGSI MODULE IRREG,EMBARGO,PENGHENTIAN SEMENTARA PENERIMAAN DAN PENGANGKUTAN BARANG KARENA ALASAN TERTENTU,SHIPPING ACTIVITY SUSPENDED TEMPORARY FOR CERTAIN REASON (BY REGULATION),Y,TRANSPORT PROBLEM,Y,Y,,,IT
T05,,"TRANSPORT
 ","TRANSPORT
 IRREGULARITY
  ",,PROPOSE DI FUNGSI MODULE IRREG,OVER CARRIED ,KIRIMAN TERBAWA KE DESTINASI SELANJUTNYA KARENA KESALAHAN PETUGAS AIRLINES/SARANA PENGANGKUT,SHIPMENT CARRIED OVER TO OTHER AIPORT DUE TO TECHNICAL PROBLEM,Y,TRANSPORT PROBLEM,Y,Y,,,IT
T06,,"TRANSPORT
 ","TRANSPORT
 IRREGULARITY
  ",,PROPOSE DI FUNGSI MODULE IRREG,CANCEL FLIGHT,PEMBATALAN JADWAL KEBERANGKATAN,DEPARTURE SCHEDULE BEING CANCELLED,Y,TRANSPORT PROBLEM,Y,Y,,,IT
T07,,"TRANSPORT
 ","TRANSPORT
 IRREGULARITY
  ",,PROPOSE DI FUNGSI MODULE IRREG,RETURN TO BASE,PESAWAT KEMBALI KE AIRPORT ASAL KARENA ALASAN TERTENTU ,"AIRPLANE RETURN TO BASE DUE TO CERTAIN REASON (SAFETY,BAD WEATHER,ETC)",Y,TRANSPORT PROBLEM,Y,Y,,,IT
T08,,"TRANSPORT
 ","TRANSPORT
 IRREGULARITY
  ",,PROPOSE DI FUNGSI MODULE IRREG,DIVERT ,"PESAWAT DIALIHKAN KE BANDARA LAIN YANG BUKAN BANDARA TUJUAN, KARENA ALASAN TERTENTU (MISAL : CUACA BURUK, TEKNIS, SAFETY)","AIRPLANE DIVERTED NOT TO DESTINATION AIRPORT, DUE TO CERTAIN REASON (SAFETY,BAD WEATHER,ETC)",Y,TRANSPORT PROBLEM,Y,Y,,,IT
T09,,"TRANSPORT
 ","TRANSPORT
 IRREGULARITY
  ",,PROPOSE DI FUNGSI MODULE IRREG,DELAY ,PENUNDAAN JADWAL KEBERANGKATAN,DELAY OF SCHEDULE DEPARTURE,Y,TRANSPORT PROBLEM,Y,Y,,,IT
T11,,"TRANSPORT
 ","TRANSPORT
 IRREGULARITY
  ",,PROPOSE DI FUNGSI MODULE IRREG,RETURN TO BASE,SARANA PENGANGKUT KEMBALI KE STATION ASAL,TRANSPORTATION MODES BACK TO ORIGIN STATION,,TRANSPORT PROBLEM,,,,,
T12,,"TRANSPORT
 ","TRANSPORT
 IRREGULARITY
  ",,PROPOSE DI FUNGSI MODULE IRREG,DIVERT ,PENGALIHAN TUJUAN KE STATION LAIN,SWITCH OF DESTINATION TO ANOTHER STATION,,TRANSPORT PROBLEM,,,,,
T13,,"TRANSPORT
 ","TRANSPORT
 IRREGULARITY
  ",,PROPOSE DI FUNGSI MODULE IRREG,DELAY ,PENUNDAAN JADWAL KEBERANGKATAN,DELAY OF CARRIER DEPARTURE SCHEDULE,,TRANSPORT PROBLEM,,,,,
T14,,"TRANSPORT
 ","TRANSPORT
 IRREGULARITY
  ",,PROPOSE DI FUNGSI MODULE IRREG,CHANGE SCHEDULE,PERUBAHAN JADWAL KEBERANGKATAN,CHANGE OR CARRIER DEPARTURE SCHEDULE,,TRANSPORT PROBLEM,,,,,
X1,,"TRANSPORT
 ","TRANSPORT
 IRREGULARITY
  ",,XR (IRREG),SHIPMENT IS BEING HELD.DID NOT PASS X-RAY SCANNING,PENUNDAAN PROSES PENGIRIMAN KARENA TIDAK LOLOS PEMERIKSAAN X-RAY TERMASUK KATEGORI DANGEROUS GOODS  (PENGALIHAN MODA TRANSPORTASI),SHIPMENT BEING HELD DUE TO DID NOT PASS X-RAY CHECK DANGEROUS GOODS,Y,SHIPMENT IS BEING HELD.DID NOT PASS X-RAY SCANNING,Y,Y,"Plgn Yth, kiriman xxxxxxxxxxxxxxxx tdk  lolos x-ray utk pemberangkatan via udara & akan dialihkan dgn moda transportasi lain dgn penambahan waktu tempuh",,
X2,,"TRANSPORT
 ","TRANSPORT
 IRREGULARITY
  ",,XR (IRREG),SHIPMENT BEING HELD DUE TO DID NOT PASS X-RAY CHECK SPECIAL CARGO-LIVE ANIMAL,PENUNDAAN PROSES PENGIRIMAN KARENA TIDAK LOLOS PEMERIKSAAN X-RAY ATAUPUN TERMASUK KATEGORI HEWAN HIDUP (DOKUMEN TIDAK LENGKAP),SHIPMENT BEING HELD DUE TO DID NOT PASS X-RAY CHECK SPECIAL CARGO-LIVE ANIMAL,Y,SHIPMENT IS BEING HELD.DID NOT PASS X-RAY SCANNING,Y,Y,"Plngn Yth, kiriman xxxxxxxxxxxxxxxx tdk lolos x-ray krn dokumen tdk lengkap, mhn dokumen segera dilengkapi atau kiriman akan kami kembalikan.Hub JNE dikota anda",,
X3.1,,"TRANSPORT
 ","TRANSPORT
 IRREGULARITY
  ",,XR (IRREG),"TIDAK LOLOS X-RAY SPECIAL CARGO-KIRIMAN MUDAH RUSAK,HANCUR/BUSUK (DOKUMEN TIDAK LENGKAP ATAU PACKING TIDAK STANDAR)","PENUNDAAN PROSES PENGIRIMAN KARENA TIDAK LOLOS PEMERIKSAAN X-RAY ATAUPUN TERMASUK KATEGORI KIRIMAN YANG MUDAH RUSAK,HANCUR ATAU BUSUK",SHIPMENT BEING HELD DUE TO DID NOT PASS X-RAY CHECK SPECIAL CARGO-PERISHABLE ,Y,SHIPMENT IS BEING HELD.DID NOT PASS X-RAY SCANNING,Y,Y,"Pelanggan Yth, krmn xxxxxxxxxxxxxxx tdk lolos x-ray krn doc tdk lengkap/packing tdk standar, akan dialihkan dgn moda transportasi lain & penambahan wkt tempuh",,
X3.2,,"TRANSPORT
 ","TRANSPORT
 IRREGULARITY
  ",,XR (IRREG),"TIDAK LOLOS X-RAY SPECIAL CARGO-KIRIMAN MUDAH RUSAK,HANCUR/BUSUK","PENUNDAAN PROSES PENGIRIMAN KARENA TIDAK LOLOS PEMERIKSAAN X-RAY ATAUPUN TERMASUK KATEGORI KIRIMAN YANG MUDAH RUSAK,HANCUR ATAU BUSUK",SHIPMENT BEING HELD DUE TO DID NOT PASS X-RAY CHECK SPECIAL CARGO-PERISHABLE ,Y,SHIPMENT IS BEING HELD.DID NOT PASS X-RAY SCANNING,Y,Y,"Plgn Yth, krmn xxxxxxxxxxxxxxxx tdk lolos x-ray krn doc tdk lengkap/packing tdk standar,mhn doc dilengkapi/packing disesuaikan.Hub JNE dikota anda",,
X4,,"TRANSPORT
 ","TRANSPORT
 IRREGULARITY
  ",,XR (IRREG),DID NOT PASS X-RAY CHECK SPECIAL CARGO-HUMAN REMAINS,PENUNDAAN PROSES PENGIRIMAN KARENA TIDAK LOLOS PEMERIKSAAN X-RAY ATAUPUN TERMASUK KIRIMAN JENAZAH,SHIPMENT BEING HELD DUE TO DID NOT PASS X-RAY CHECK SPECIAL CARGO-HUMAN REMAINS,Y,SHIPMENT IS BEING HELD.DID NOT PASS X-RAY SCANNING,Y,Y,"Plgn Yth, krmn xxxxxxxxxxxxxxxx tdk lolos x-ray krn doc tdk lengkap/packing tdk standar,mhn doc dilengkapi/packing disesuaikan.Hub JNE dikota anda",,
X5,,"TRANSPORT
 ","TRANSPORT
 IRREGULARITY
  ",,XR (IRREG),DID NOT PASS X-RAY CHECK-VALUABLE GOODS,PENUNDAAN PROSES PENGIRIMAN KARENA TIDAK LOLOS PEMERIKSAAN X-RAY ATAUPUN TERMASUK KATEGORI BARANG YANG MEMILIKI NILAI YANG TINGGI/BERHARGA,SHIPMENT BEING HELD DUE TO DID NOT PASS X-RAY CHECK-VALUABLE GOODS,Y,SHIPMENT IS BEING HELD.DID NOT PASS X-RAY SCANNING,Y,Y,"Pelanggan Yth, kiriman xxxxxxxxxxxxxxxx tdk lolos x-ray terkait regulasi yg berlaku, kiriman akan kami kembalikan. Hub JNE dikota anda",,
X6,,"TRANSPORT
 ","TRANSPORT
 IRREGULARITY
  ",,XR (IRREG),DID NOT PASS X-RAY CHECK-STRONGLY SMELLING GOODS,PENUNDAAN PROSES PENGIRIMAN KARENA TIDAK LOLOS PEMERIKSAAN X-RAY ATAUPUN TERMASUK KATEGORI BARANG YANG MEMILIKI BAU YANG SANGAT MENYENGAT,SHIPMENT BEING HELD DUE TO DID NOT PASS X-RAY CHECK-STRONGLY SMELLING GOODS,Y,SHIPMENT IS BEING HELD.DID NOT PASS X-RAY SCANNING,Y,Y,"Plgn Yth, krmn xxxxxxxxxxxxxxxx tdk lolos x-ray krn doc tdk lengkap/packing tdk standar,mhn doc dilengkapi/packing disesuaikan.Hub JNE dikota anda",,
X7.1,,"TRANSPORT
 ","TRANSPORT
 IRREGULARITY
  ",,XR (IRREG),ID NOT PASS X-RAY CHECK SPECIAL CARGO-LIVE PLANT,PENUNDAAN PROSES PENGIRIMAN KARENA TIDAK LOLOS PEMERIKSAAN X-RAY ATAUPUN TERMASUK KATEGORI TUMBUHAN (PENGALIHAN MODA TRANSPORTASI),SHIPMENT BEING HELD DUE TO DID NOT PASS X-RAY CHECK SPECIAL CARGO-LIVE PLANT,Y,SHIPMENT IS BEING HELD.DID NOT PASS X-RAY SCANNING,Y,Y,"Plgn Yth, kiriman xxxxxxxxxxxxxxxx tdk  lolos x-ray utk pemberangkatan via udara & akan dialihkan dgn moda transportasi lain dgn penambahan waktu tempuh",,
X7.2,,"TRANSPORT
 ","TRANSPORT
 IRREGULARITY
  ",,XR (IRREG),ID NOT PASS X-RAY CHECK SPECIAL CARGO-LIVE PLANT,PENUNDAAN PROSES PENGIRIMAN KARENA TIDAK LOLOS PEMERIKSAAN X-RAY ATAUPUN TERMASUK KATEGORI TUMBUHAN (DOKUMEN TIDAK LENGKAP),SHIPMENT BEING HELD DUE TO DID NOT PASS X-RAY CHECK SPECIAL CARGO-LIVE PLANT,Y,SHIPMENT IS BEING HELD.DID NOT PASS X-RAY SCANNING,Y,Y,"Plgn YTH, kiriman xxxxxxxxxxxxxxxx tdk lolos x-ray krn dokumen tdk lengkap, mohon dokumen segera dilengkapi atau kiriman akan dikembalikan. Hub JNE di kota anda",,
X8,,"TRANSPORT
 ","TRANSPORT
 IRREGULARITY
  ",,XR (IRREG),DID NOT PASS X-RAY CHECK SPECIAL CARGO-SWALLOW BIRD NEST,PENUNDAAN PROSES PENGIRIMAN KARENA TIDAK LOLOS PEMERIKSAAN X-RAY ATAUPUN TERMASUK SARANG BURUNG WALET,SHIPMENT BEING HELD DUE TO DID NOT PASS X-RAY CHECK SPECIAL CARGO-SWALLOW BIRD NEST,Y,SHIPMENT IS BEING HELD.DID NOT PASS X-RAY SCANNING,Y,Y,"Plgn YTH, kiriman xxxxxxxxxxxxxxxx tdk lolos x-ray krn dokumen tdk lengkap, mohon dokumen segera dilengkapi atau kiriman akan dikembalikan. Hub JNE di kota anda",,
X9,,"TRANSPORT
 ","TRANSPORT
 IRREGULARITY
  ",,XR (IRREG),DID NOT PASS X-RAY CHECK -FORBIDDEN,PENUNDAAN PROSES PENGIRIMAN KARENA TIDAK LOLOS PEMERIKSAAN X-RAY ATAUPUN TERMASUK KATEGORI KIRIMAN YANG DILARANG,SHIPMENT BEING HELD DUE TO DID NOT PASS X-RAY CHECK -FORBIDDEN,Y,SHIPMENT IS BEING HELD.DID NOT PASS X-RAY SCANNING,Y,Y,"Pelanggan Yth, kiriman xxxxxxxxxxxxxxxx tdk lolos x-ray terkait regulasi yg berlaku, kiriman akan kami kembalikan. Hub JNE dikota anda",,
X10,,"TRANSPORT
 ","TRANSPORT
 IRREGULARITY
  ",,XR (IRREG),"DID NOT PASS X-RAY CHECK -DOCUMENTS ARE NOT COMPLETE (LIQUID, POWDER, GEL)",PENUNDAAN PROSES PENGIRIMAN KARENA TIDAK LOLOS PEMERIKSAAN X-RAY KARENA DOKUMEN TIDAK LENGKAP,SHIPMENT BEING HELD DUE TO DID NOT PASS X-RAY CHECK -DOCUMENTS ARE NOT COMPLETE,Y,SHIPMENT IS BEING HELD.DID NOT PASS X-RAY SCANNING,Y,Y,"Plgn YTH, kiriman xxxxxxxxxxxxxxxx tdk lolos x-ray krn dokumen tdk lengkap, mohon dokumen segera dilengkapi atau kiriman kami kembalikan. Hub JNE di kota anda",,
PS1,OPEN,OUTBOUND,PROBLEM SHIPMENT,,PROPOSE DI FUNGSI MODULE IRREG,DAMAGE,"KIRIMAN RUSAK, MENUNGGU INSTRUKSI UNTUK PROSES LEBIH LANJUT","SHIPMENT DAMAGE, WAITING FOR FURTHER INSTRUCTION",Y,SHIPMENT PROBLEM,Y,Y,,,IT
PS2,OPEN,"TRANSPORT
 ",PROBLEM SHIPMENT,,PROPOSE DI FUNGSI MODULE IRREG,MISROUTE,KIRIMAN SALAH AREA TUJUAN ,SHIPMENTS SHIPPED TO WRONG DESTINATION,Y,TRANSPORT PROBLEM,Y,Y,,,IT
HL3,OPEN,INBOUND ,"HOLD 
PROCESS ",,PROPOSE DI MANIFEST TRANSIT,WAITING FOR NEXT DEPARTURE SCHEDULE TO FINAL DESTINATION,MENUNGGU JADWAL PENERUSAN KE KOTA TUJUAN AKHIR,WAITING FOR NEXT DEPARTURE SCHEDULE TO FINAL DESTINATION,Y,WAITING FOR NEXT DEPARTURE SCHEDULE TO FINAL DESTINATION,Y,Y,,CLOSE / UNDEL,IT
CL1,OPEN - AUTOCLOSE,OUTBOUND,AUTO CLOSE,,RUNSHEET (DRI),AUTO CLOSE ORIGIN,,,,,N,N,,CLOSE / IRREG,
CL2,OPEN - AUTOCLOSE,INBOUND ,AUTO CLOSE,,RUNSHEET (DRI),AUTO CLOSE DESTINATION,,,,,N,N,,CLOSE / IRREG,
CL4,OPEN - AUTOCLOSE,INBOUND,AUTO CLOSE,,RUNSHEET (DRI),AUTO CLOSE DESTINATION,,,,,,,,,
CR3,OPEN,UNDEL,CUSTOMER REQUEST,,RUNSHEET (DRI),SHIPMENT PICKED UP BY CONSIGNEE,DIAMBIL SENDIRI,,,SHIPMENT PICKED UP BY CONSIGNEE AS REQUESTED BY SHIPPER/CONSIGNEE,,,,CLOSE / CR,
CR2,OPEN,SCO,CUSTOMER REQUEST,,PROPOSE DI FUNGSI MODULE IRREG,CANCEL BY SHIPPER,KIRIMAN DIBATALKAN ATAS PERMINTAAN PENGIRIM,SHIPMENT CANCELLED BY SHIPPER,Y,SHIPMENT CANCELED AS SHIPPERS REQUEST,Y,Y,,CLOSE / RETURN ORIGIN,IT
CR1,OPEN - CR1,OUTBOUND,RETURN,,PROPOSE DI FUNGSI MODULE IRREG,RETURN TO SHIPPER,KIRIMAN DIKEMBALIKAN KE PENGIRIM,SHIPMENT RETURNED TO SHIPPER,Y,SHIPMENT RETURN,Y,Y,,CLOSE / RETURN ORIGIN,IT
D01,CLOSE, DELIVERY,DELIVERED,,RUNSHEET (DRI),SHIPMENT RECEIVED BY CONSIGNEE,YANG BERSANGKUTAN,,,SHIPMENT RECEIVED BY CONSIGNEE,,,,CLOSE / SUKSES,
D02,CLOSE, DELIVERY,DELIVERED,,RUNSHEET (DRI),SHIPMENT RECEIVED BY RECEPTIONIST,RECEPTIONIST,,,SHIPMENT RECEIVED BY RECEPTIONIST,,,,CLOSE / SUKSES,
D03,CLOSE, DELIVERY,DELIVERED,,RUNSHEET (DRI),SHIPMENT RECEIVED BY SECRETARY,SEKRETARIS,,,SHIPMENT RECEIVED BY SECRETARY,,,,CLOSE / SUKSES,
D04,CLOSE, DELIVERY,DELIVERED,,RUNSHEET (DRI),SHIPMENT RECEIVED BY SECURITY,SECURITY,,,SHIPMENT RECEIVED BY SECURITY OFFICER,,,,CLOSE / SUKSES,
D05,CLOSE, DELIVERY,DELIVERED,,RUNSHEET (DRI),SHIPMENT RECEIVED BY MAILING ROOM,MAILING ROOM,,,SHIPMENT RECEIVED BY MAILING ROOM OFFICER,,,,CLOSE / SUKSES,
D06,CLOSE, DELIVERY,DELIVERED,,RUNSHEET (DRI),SHIPMENT RECEIVED BY IMMEDIATE FAMILY,SUAMI/ISTRI/ANAK,,,SHIPMENT RECEIVED BY IMMEDIATE FAMILY,,,,CLOSE / SUKSES,
D07,CLOSE, DELIVERY,DELIVERED,,RUNSHEET (DRI),SHIPMENT RECEIVED BY HOUSE KEEPER,PEMBANTU,,,SHIPMENT RECEIVED BY HOUSE KEEPER/DRIVER,,,,CLOSE / SUKSES,
D08,CLOSE, DELIVERY,DELIVERED,,RUNSHEET (DRI),SHIPMENT RECEIVED BY BOARDING HOUSE KEEPER / OWNER,PENJAGA KOS,,,SHIPMENT RECEIVED BY BOARDING HOUSE KEEPER / OWNER,,,,CLOSE / SUKSES,
D09,CLOSE, DELIVERY,DELIVERED,,RUNSHEET (DRI),SHIPMENT RECEIVED BY FAMILY AT THE SAME ADDRESS,KELUARGA/SAUDARA,,,SHIPMENT RECEIVED BY FAMILY AT THE SAME ADDRESS,,,,CLOSE / SUKSES,
D10,CLOSE, DELIVERY,DELIVERED,,RUNSHEET (DRI),SHIPMENT RECEIVED BY OFFICE COLLEAGUE,ATASAN/STAFF/KARYAWAN/BAWAHAN,,,SHIPMENT RECEIVED BY OFFICE COLLEAGUE,,,,CLOSE / SUKSES,
D11,CLOSE, DELIVERY,DELIVERED,,RUNSHEET (DRI),SHIPMENT RECEIVED BY DRIVER,SUPIR,,,SHIPMENT RECEIVED BY ERRAND BOY,,,,CLOSE / SUKSES,
D12,CLOSE, DELIVERY,DELIVERED,,RUNSHEET (DRI),SHIPMENT RECEIVED BY ERRAND BOY,OFFICE BOY,,,,,,,CLOSE / SUKSES,
D15,CLOSE, DELIVERY,DELIVERED,,RUNSHEET (DRI),KIRIMAN RETURN DITERIMA OLEH CCC ORIGIN JNE,CCC ORIGIN,,,,,,,CLOSE / SUKSES,
D16,CLOSE, DELIVERY,DELIVERED,,RUNSHEET (DRI),KIRIMAN RETURN DITERIMA OLEH UNDEL ORIGIN JNE,UNDEL ORIGIN,,,,,,,CLOSE / SUKSES,
D24,CLOSE, DELIVERY,DAMAGE - LAZADA,,RUNSHEET (DRI),KIRIMAN RUSAK ,KIRIMAN  RUSAK DITERIMA OLEH JNE ,SHIPMENT DAMAGE  RECEIVED BY JNE,,SHIPMENT PROBLEM,,,,CLOSE / BREACH,
D25,CLOSE - BREACH, DELIVERY,BREACH MP,,RUNSHEET (DRI),KIRIMAN BREACH LAZADA (21 HARI AFTER PRAPOSTING),KIRIMAN BREACH DITERIMA OLEH JNE,SHIPMENT BREACH RECEIVED BY JNE,,SHIPMENT PROBLEM,,,,CLOSE / BREACH,
D26,OPEN - AUTOCLOSE, DELIVERY,BREACH NON MP,,RUNSHEET (DRI),BREACH NON MP,KIRIMAN BREACH COD DITERIMA OLEH CNEE,SHIPMENT BREACH COD RECEIVED BY CUSTOMER,,SHIPMENT PROBLEM,,,,CLOSE / BREACH,
WH1,,UNDEL,HANDOVER UNDEL WEREHOUSE HOLD,,WUS,HANDOVER SHIPMENT FROM PIC UNDEL TO PIC WAREHOUSE,SERAH TERIMA KIRIMAN OVER SLA DARI TIM UNDEL KE PIC UNDEL WAREHOUSE,RECEIVED AT UNDEL WAREHOUSE DESTINATION ,,,,,,CLOSE / RETURN,
WH2,,UNDEL,HANDOVER UNDEL WEREHOUSE HOLD,,WUS,HANDOVER SHIPMENT FROM PIC WAREHOUSE TO PIC UNDEL,PENGEMBALIAN KIRIMAN OVER SLA DARI PIC UNDEL WAREHOUSE KE KE PETUGAS UNDEL,RECEIVED AT UNDEL DESTINATION TO RETURN PROCESS,,,,,,CLOSE / UNDEL,
WH3,,UNDEL,HANDOVER UNDEL WEREHOUSE HOLD,,WUS,HANDOVER SHIPMENT FROM PIC UNDEL TO PIC CHECKER INBOUND,SERAH TERIMA KIRIMAN DARI PIC UNDEL KE PETUGAS CHECKER INBOUND,RECEIVED AT UNDEL DESTINATION TO REDELIVERY PROCESS,,,,,,CLOSE / UNDEL,
WH4,,UNDEL,HANDOVER UNDEL WEREHOUSE HOLD,,WUS,DESTROY SHIPMENT,SERAH TERIMA KIRIMAN UNDEL KE PIC DESTROY UNTUK PROSES PEMUSNAHAN KIRIMAN,DESTROY SHIPMENT,,,,,,CLOSE / IRREG,
OS,,UNDEL,UNDELIVERED / FAIL DELIVERY,,RUNSHEET (DRI),OUT OF YES SERVICE AREA,OUT OF YES SERVICE AREA,,,,,,,CLOSE / IRREG,
OC,,UNDEL,UNDELIVERED / FAIL DELIVERY,,RUNSHEET (DRI),DESTINATION CORRECTION,DESTINATION CORRECTION,,,,,,,CLOSE / IRREG,
UB1,,UNDEL,UNDELIVERED / FAIL DELIVERY,,RUNSHEET (DRI),LOCKER BOX FULL,LOCKER BOX FULL,,,,,,,CLOSE / SUKSES,
UB2,,UNDEL,UNDELIVERED / FAIL DELIVERY,,RUNSHEET (DRI),OVER 3 DAYS IN LOCKER BOX,MELAMPAUI 3 HARI,,,,,,,CLOSE / SUKSES,
DB1,CLOSE,DELIVERY,PROOF OF DELIVERY,,RUNSHEET (DRI),READY TO PICK UP AT LOCKER BOX,KIRIMAN SUDAH DI LOCKER BOX,,,,,,,CLOSE / SUKSES,
DB2,, DELIVERY,PROOF OF DELIVERY,,RUNSHEET (DRI),RECEIVED BY CONSIGNEE FROM LOCKER BOX,KIRIMAN SUDAH DIAMBIL DARI LOCKER BOX,,,,,,,CLOSE / SUKSES,
R01,CLOSE,DELIVERY,PROOF OF DELIVERY / RETURN TO SHIPPER,,RUNSHEET (DRI),YANG BERSANGKUTAN,KIRIMAN RETURN DITERIMA SESUAI NAMA PENGIRIM YANG TERCANTUM DI RESI PENGIRIMAN,RETURN SHIPMENT RECEIVED BY SHIPPER,,RETURN SHIPMENT RECEIVED BY SHIPPER,,,,CLOSE / RETURN,
R02,CLOSE,DELIVERY,PROOF OF DELIVERY / RETURN TO SHIPPER,,RUNSHEET (DRI),RECEPTIONIST,KIRIMAN RETURN DITERIMA OLEH RESESPSIONIS/PENERIMA TAMU,RETURN SHIPMENT RECEIVED BY RECEPSIONIST,,RETURN SHIPMENT RECEIVED BY RECEPSIONIST,,,,CLOSE / RETURN,
R03,CLOSE, DELIVERY,PROOF OF DELIVERY / RETURN TO SHIPPER,,RUNSHEET (DRI),SEKRETARIS,KIRIMAN RETURN DITERIMA OLEH SEKRETARIS,RETURN SHIPMENT RECEIVED BY SECRETARY,,RETURN SHIPMENT RECEIVED BY SECRETARY,,,,CLOSE / RETURN,
R04,CLOSE, DELIVERY,PROOF OF DELIVERY / RETURN TO SHIPPER,,RUNSHEET (DRI),SECURITY,KIRIMAN RETURN DITERIMA OLEH PETUGAS KEAMANAN,RETURN SHIPMENT RECEIVED BY SECURITY OFFICER,,RETURN SHIPMENT RECEIVED BY SECURITY OFFICER,,,,CLOSE / RETURN,
R05,CLOSE, DELIVERY,PROOF OF DELIVERY / RETURN TO SHIPPER,,RUNSHEET (DRI),MAILING ROOM,KIRIMAN RETURN DITERIMA OLEH PETUGAS MAILING ROOM,RETURN SHIPMENT RECEIVED BY MAILING ROOM OFFICER,,RETURN SHIPMENT RECEIVED BY MAILING ROOM OFFICER,,,,CLOSE / RETURN,
R06,CLOSE, DELIVERY,PROOF OF DELIVERY / RETURN TO SHIPPER,,RUNSHEET (DRI),SUAMI/ISTRI/ANAK,KIRIMAN RETURN DITERIMA OLEH KELUARGA INTI,RETURN SHIPMENT RECEIVED BY IMMEDIATE FAMILY,,RETURN SHIPMENT RECEIVED BY IMMEDIATE FAMILY,,,,CLOSE / RETURN,
R07,CLOSE, DELIVERY,PROOF OF DELIVERY / RETURN TO SHIPPER,,RUNSHEET (DRI),PEMBANTU,KIRIMAN RETURN DITERIMA OLEH ASISTEN RUMAH TANGGA,RETURN SHIPMENT RECEIVED BY HOUSE KEEPER,,RETURN SHIPMENT RECEIVED BY HOUSE KEEPER,,,,CLOSE / RETURN,
R08,CLOSE, DELIVERY,PROOF OF DELIVERY / RETURN TO SHIPPER,,RUNSHEET (DRI),PENJAGA KOS,KIRIMAN RETURN DITERIMA OLEH PENJAGA KOS ATAU PEMILIK KOS,RETURN SHIPMENT RECEIVED BY BOARDING HOUSE KEEPER,,RETURN SHIPMENT RECEIVED BY BOARDING HOUSE KEEPER,,,,CLOSE / RETURN,
R09,CLOSE, DELIVERY,PROOF OF DELIVERY / RETURN TO SHIPPER,,RUNSHEET (DRI),KELUARGA/SAUDARA,KIRIMAN RETURN DITERIMA OLEH KELUARGA/SAUDARA YANG SERUMAH,RETURN SHIPMENT RECEIVED BY FAMILY,,RETURN SHIPMENT RECEIVED BY FAMILY,,,,CLOSE / RETURN,
R10,CLOSE, DELIVERY,PROOF OF DELIVERY / RETURN TO SHIPPER,,RUNSHEET (DRI),ATASAN/STAFF/KARYAWAN/BAWAHAN,"KIRIMAN RETURN DITERIMA OLEH TEMAN SEKANTOR, STAFF SEKANTOR",RETURN SHIPMENT RECEIVED BY OFFICE COLLEAGUE,,RETURN SHIPMENT RECEIVED BY OFFICE COLLEAGUE,,,,CLOSE / RETURN,
R11,CLOSE, DELIVERY,PROOF OF DELIVERY / RETURN TO SHIPPER,,RUNSHEET (DRI),SUPIR,KIRIMAN RETURN DITERIMA OLEH SUPIR,RETURN SHIPMENT RECEIVED BY DRIVER,,RETURN SHIPMENT RECEIVED BY DRIVER,,,,CLOSE / RETURN,
R12,CLOSE, DELIVERY,PROOF OF DELIVERY / RETURN TO SHIPPER,,RUNSHEET (DRI),OFFICE BOY,KIRIMAN RETURN DITERIMA OLEH OFFICE BOY,RETURN SHIPMENT RECEIVED BY OFFICE BOY,,RETURN SHIPMENT RECEIVED BY OFFICE BOY,,,,CLOSE / RETURN,
R13,CLOSE, DELIVERY,PROOF OF DELIVERY / RETURN TO SHIPPER,,RUNSHEET (DRI),AGENT PENGIRIMAN,KIRIMAN DI RETUR KE AGEN TEMPAT PENGIRIMAN,RETURN SHIPMENT RECEIVED BY DELIVERY AGENT,,RETURN SHIPMENT RECEIVED BY DELIVERY AGENT,,,,CLOSE / RETURN,
R24,CLOSE, DELIVERY,PROOF OF DELIVERY / RETURN TO SHIPPER,,RUNSHEET (DRI),KIRIMAN RETURN RUSAK ,KIRIMAN RETURN RUSAK DITERIMA OLEH JNE ,RETURN SHIPMENT  DAMAGE RECEIVED BY JNE,,SHIPMENT PROBLEM,,,,CLOSE / RETURN,
R26,CLOSE, DELIVERY,PROOF OF DELIVERY / RETURN TO SHIPPER,,RUNSHEET (DRI),MARKETPLACE,KIRIMAN RETURN DITERIMA OLEH  MARKETPLACE,RETURN SHIPMENT RECEIVED BY   MARKETPLACE,,RETURN SHIPMENT RECEIVED BY   MARKETPLACE,,,,CLOSE / RETURN,IT
R25,CLOSE, DELIVERY,PROOF OF DELIVERY / RETURN TO SHIPPER,,RUNSHEET (DRI),KIRIMAN RETURN BREACH ,KIRIMAN RETURN BREACH DITERIMA OLEH JNE,RETURN SHIPMENT BREACH RECEIVED BY JNE,,SHIPMENT PROBLEM,,,,CLOSE / RETURN,
U01,OPEN, DELIVERY,UNDELIVERED,,RUNSHEET (DRI),ALAMAT TIDAK LENGKAP/ TIDAK DIKENAL,KEKURANGAN DATA ALAMAT / SALAH ALAMAT ,INCOMPLETE CONSIGNEE ADDRESS,,INCOMPLETE CONSIGNEE ADDRESS,,,,CLOSE / UNDEL,
U02,OPEN, DELIVERY,UNDELIVERED,,RUNSHEET (DRI),PENERIMA TIDAK DI KENAL,ALAMAT SESUAI TETAPI NAMA PENERIMA TIDAK DIKENAL,"COMPLETE ADDRESS, BUT CONSIGNEE UNKNOWN",,"COMPLETE ADDRESS, BUT CONSIGNEE UNKNOWN",,,,CLOSE / UNDEL,
U03,OPEN, DELIVERY,UNDELIVERED,,RUNSHEET (DRI),PENERIMA PINDAH ALAMAT,ALAMAT SESUAI TETAPI PENERIMA SUDAH PINDAH ALAMAT,"
HOME/OFFICE ADDRESS ALREADY MATCH,BUT CONSIGNEE MOVED ",,"
HOME/OFFICE ADDRESS ALREADY MATCH,BUT CONSIGNEE MOVED ",,,,CLOSE / UNDEL,
U04,OPEN, DELIVERY,UNDELIVERED,,RUNSHEET (DRI),PENERIMA MENINGGAL DUNIA,ALAMAT SESUAI TETAPI PENERIMA MENINGGAL DUNIA,CONSIGNEE HAS PASSED AWAY,,CONSIGNEE HAS PASSED AWAY,,,,CLOSE / UNDEL,
U05,OPEN, DELIVERY,UNDELIVERED,,RUNSHEET (DRI),RUMAH /KANTOR KOSONG (MASIH DIHUNI),"SELURUH PENGHUNI RUMAH TIDAK ADA DI TEMPAT, SELURUH PENGHUNI KANTOR SUDAH PULANG (SETELAH JAM KERJA)",NOBODY AT HOME / OFFICE TO RECEIVE SHIPMENT,,NOBODY AT HOME / OFFICE TO RECEIVE SHIPMENT,,,,CLOSE / UNDEL,
U06,OPEN, DELIVERY,UNDELIVERED,,RUNSHEET (DRI),DITOLAK OLEH PENERIMA (NON COD),PENERIMA TIDAK BERSEDIA MENERIMA KIRIMAN KARENA TIDAK SESUAI ,CONSIGNEE REFUSE TO RECEIVE SHIPMENT ,,CONSIGNEE REFUSE TO RECEIVE SHIPMENT ,,,,CLOSE / UNDEL,
U07,OPEN, DELIVERY,UNDELIVERED,,RUNSHEET (DRI),RUMAH /KANTOR TIDAK DIHUNI,ALAMAT SESUAI TETAPI RUMAH/KANTOR KOSONG TIDAK DIDIAMI,NOT INHABITED,,NOT INHABITED,,,,CLOSE / UNDEL,
U08,OPEN, DELIVERY,UNDELIVERED,,RUNSHEET (DRI),PENERIMA MENOLAK BAYAR (KIRIMAN COD),PENERIMA MENOLAK BAYAR BIAYA KIRIMAN / NILAI BARANG KIRIMAN COD,CONSIGNEE REFUSE TO PAY COD SHIPMENT/SHIPMENT FEE,,CONSIGNEE REFUSE TO PAY COD SHIPMENT/SHIPMENT FEE,,,,CLOSE / UNDEL,
U09,OPEN, DELIVERY,UNDELIVERED,,RUNSHEET (DRI),TUTUP PADA AKHIR PEKAN/ HARI LIBUR (NON COD),KANTOR TUTUP PADA AKHIR PEKAN / HARI LIBUR NASIONAL,"
OFFICE CLOSED DURING WEEKEND/ NATIONAL HOLIDAY",,"
OFFICE CLOSED DURING WEEKEND/NATIONAL HOLIDAY",,,,CLOSE / UNDEL,
U10,OPEN, DELIVERY,UNDELIVERED,,RUNSHEET (DRI),FORCE MAJEURE,"PERISTIWA ALAM YANG DAMPAKNYA DAPAT MENGAKIBATKAN POPULASI MANUSIA TERANCAM (BANJIR, GEMPA, LETUSAN GUNUNG, TSUNAMI, TANAH LONGSOR, ANGIN TOPAN/PUTTING BELIUNG, KEBAKARAN HUTAN) SEHINGGA KEGIATAN PENGANTARAN TIDAK DAPAT DILAKUKAN",NO ACCESS DUE TO FORCE MAJEURE,,NO ACCESS DUE TO FORCE MAJEURE,,,,CLOSE / UNDEL,
U11,OPEN - IRREGULARITY, DELIVERY,UNDEL - IRREGULARITY,,RUNSHEET (DRI),DAMAGE CASE,"KIRIMAN RUSAK, MENUNGGU INSTRUKSI UNTUK PROSES LEBIH LANJUT","SHIPMENT DAMAGE, WAITING FOR FURTHER INSTRUCTION",,SHIPMENT PROBLEM,,,,CLOSE / UNDEL,
U12,OPEN - IRREGULARITY, DELIVERY,UNDEL - IRREGULARITY,,RUNSHEET (DRI),MISROUTE,KIRIMAN SALAH AREA TUJUAN ,SHIPMENT SHIPPED TO WRONG DESTINATION,,SHIPMENT PROBLEM,,,,CLOSE / UNDEL,
U13,OPEN - IRREGULARITY, DELIVERY,UNDEL - IRREGULARITY,,RUNSHEET (DRI),CRISS-CROSS,TERTUKARNYA DUA KIRIMAN ATAU LEBIH DIKARENAKAN KESALAHAN PENEMPELAN RESI PENGIRIMAN,SHIPMENTS ARE CRISSCROSSED,,SHIPMENT PROBLEM,,,,CLOSE / UNDEL,
U14,CLOSE - MISSING, DELIVERY,UNDEL - IRREGULARITY,,RUNSHEET (DRI),MISSING,KIRIMAN HILANG DAN TIDAK DAPAT DITEMUKAN ,SHIPMENT LOST (NO SHOW),,SHIPMENT PROBLEM,,,,CLOSE / IRREG,
U21,OPEN, DELIVERY,UNDELIVERED,,RUNSHEET (DRI),PENERIMA MENOLAK MENERIMA KIRIMAN COD (TDK PESAN),PENERIMA TIDAK BERSEDIA MENERIMA KIRIMAN  COD  KARENA TIDAK MELAKUKAN PEMESANAN,RECIPIENTS REFUSED TO RECEIVE COD SHIPMENT (NOT ORDER),,RECIPIENTS REFUSED TO RECEIVE COD SHIPMENT (NOT ORDER),,,,CLOSE / UNDEL,
U22,OPEN, DELIVERY,UNDELIVERED,,RUNSHEET (DRI),LIBUR CUTI/DINAS LUAR KOTA (KIRIMAN COD),PENUNDAAN PROSES PENGIRIMAN KIRIMAN COD DI KARENAKAN PENERIMA TIDAK DITEMPAT,CLOSED/NOT  AVAILABLE  (COD SHIPMENT),,CLOSED/NOT AVAILABLE (COD SHIPMENT),,,,CLOSE / UNDEL,
U23,OPEN, DELIVERY,UNDELIVERED,,RUNSHEET (DRI),TUTUP LIBUR AKHIR PEKAN (KIRIMAN COD),PENUNDAAN PROSES PENGIRIMAN KIRIMAN COD DI KARENAKAN TUTUP PADA HARI LIBUR AKHIR PEKAN,CLOSED ON WEEKEND (COD SHIPMENT),,CLOSED ON WEEKEND (COD SHIPMENT),,,,CLOSE / UNDEL,
U24,OPEN, DELIVERY,UNDELIVERED,,RUNSHEET (DRI),MENUNGGU KONFIRMASI NILAI COD,PENUNDAAN PROSES PENGIRIMAN DI KARENAKAN TERJADI PERBEDAAN DATA JUMLAH NOMINAL COD ,WAITING FOR COD AMOUNT CONFIRMATION,,WAITING FOR COD AMOUNT CONFIRMATION,,,,CLOSE / UNDEL,
U25,OPEN, DELIVERY,UNDELIVERED,,RUNSHEET (DRI),MENUNGGU PEMBAYARAN COD,PENUNDAAN PROSES PENGIRIMAN DI KARENAKAN UANG COD BELUM SIAP SAAT KURIR DATANG,WAITING COD PAYMENT FROM CONSIGNEE,,WAITING COD PAYMENT FROM CONSIGNEE,,,,CLOSE / UNDEL,
DP5,OPEN, DELIVERY,DELIVERY PROBLEM,,RUNSHEET (DRI),COURIER ACCIDENT,"PETUGAS KURIR MENGALAMI KENDALA (KURIR MENGALAMI KECELAKAAN, KENDARAAN MENGALAMI KERUSAKAN TIDAK DIGUNAKAN KEMBALI, ANGGOTA KELUARGA SAKIT) ",COURIER ACCIDENT,Y,DELIVERY PROBLEM,Y,Y,,CLOSE / IRREG,
RC1,,SCO,PICK UP PROCESS,,SCO,RECEIVED AT COUNTER ,KIRIMAN DITERIMA OLEH PETUGAS COUNTER JNE ,SHIPMENT RECEIVED BY JNE COUNTER OFFICER AT [CITY],,SHIPMENT RECEIVED BY JNE COUNTER OFFICER AT [CITY],,,,,
RC2,,PICKUP,PICK UP PROCESS,,PICKUP,RECEIVED AT ORIGIN OFFICE,KIRIMAN DITERIMA DI KANTOR OPERASIONAL KOTA ASAL (KHUSUS PENGIRIMAN PROJECT),SHIPMENT RECEIVED AT JNE ORIGIN OPERATIONAL OFFICE (ONLY APPLY FOR PROJECT'S SHIPMENT),,SHIPMENT RECEIVED AT JNE ORIGIN OPERATIONAL OFFICE (ONLY APPLY FOR PROJECT'S SHIPMENT),,,,,
S01,,PICKUP,PICK UP SUCCESS,,PROPOSE DI FUNGSI DASHBOARD PICKUP,SHIPMENT PICKED UP SUCCESS,KIRIMAN BERHASIL DIAMBIL DARI PENGIRIM,PICK UP SUCCESS,,PICK UP SUCCESS,,,,,
F01,,PICKUP,PICK UP FAILURE ,,PROPOSE DI FUNGSI DASHBOARD PICKUP,SHIPMENT NOT READY,KIRIMAN BELUM SIAP DIAMBIL,Performance Pickup dapat dilihat di Dashboard Pickup,,"Belum di gunakan, menunggu integrasi antara booking order dan display status",,,,,IT
F02,,PICKUP,PICK UP FAILURE ,,PROPOSE DI FUNGSI DASHBOARD PICKUP,ADDRESS CLOSED,ALAMAT TUTUP   ,,,"Belum di gunakan, menunggu integrasi antara booking order dan display status",,,,,IT
F03,,PICKUP,PICK UP FAILURE ,,PROPOSE DI FUNGSI DASHBOARD PICKUP,ADDRESS MOVED,ALAMAT PINDAH,,,"Belum di gunakan, menunggu integrasi antara booking order dan display status",,,,,IT
F04,,PICKUP,PICK UP FAILURE ,,PROPOSE DI FUNGSI DASHBOARD PICKUP,INCOMPLETE ADDRESS,ALAMAT PENGIRIM TIDAK DITEMUKAN ,,,"Belum di gunakan, menunggu integrasi antara booking order dan display status",,,,,IT
F05,,PICKUP,PICK UP FAILURE ,,PROPOSE DI FUNGSI DASHBOARD PICKUP,CANCEL ORDER,PERMINTAAN PENJEMPUTAN/PENGIRIMAN DIBATALKAN OLEH PENGIRIM,,,"Belum di gunakan, menunggu integrasi antara booking order dan display status",,,,,IT
F06,,PICKUP,PICK UP FAILURE ,,PROPOSE DI FUNGSI DASHBOARD PICKUP,FORCE MAJEURE,"KEJADIAN YANG TERJADI DILUAR KEMAMPUAN MANUSIA DAN TIDAK DAPAT DIHINDARKAN SEHINGGA KEGIATAN PENGAMBILAN TIDAK DAPAT DILAKSANAKAN (Karena bencana alam seperti: banjir, tanah longsor, badai, gunung meletus,kebakaran) ",,,"Belum di gunakan, menunggu integrasi antara booking order dan display status",,,,,IT
F07,,PICKUP,PICK UP FAILURE ,,PROPOSE DI FUNGSI DASHBOARD PICKUP,MISS PICK UP,KIRIMAN TIDAK BERHASIL DI AMBIL DARI PENGIRIM KARENA KENDALA INTERNAL,,,"Belum di gunakan, menunggu integrasi antara booking order dan display status",,,,,IT
PS3,OPEN,OUTBOUND,PROBLEM SHIPMENT,,PROPOSE DI FUNGSI MODULE IRREG,CRISS-CROSS,TERTUKARNYA DUA KIRIMAN ATAU LEBIH DIKARENAKAN KESALAHAN PENEMPELAN RESI PENGIRIMAN ,SHIPMENTS ARE CRISSCROSSED,Y,SHIPMENT PROBLEM,Y,Y,,,IT
PS4,CLOSE,OUTBOUND,PROBLEM SHIPMENT,,PROPOSE DI FUNGSI MODULE IRREG,MISSING,KIRIMAN HILANG DAN TIDAK DAPAT DITEMUKAN ,SHIPMENT MISSING,Y,SHIPMENT PROBLEM,Y,Y,,CLOSE,IT
PS5,,OUTBOUND,PROBLEM SHIPMENT,,PROPOSE DI FUNGSI MODULE IRREG,SHIPMENT REPACKING,"KIRIMAN RUSAK, DI PROSES PACKING ULANG",SHIPMENT REPACKING,Y,SHIPMENT PROBLEM,Y,Y,,CLOSE,
PS6,,OUTBOUND,PROBLEM SHIPMENT,,PROPOSE DI FUNGSI MODULE IRREG,KIRIMAN RETURN RUSAK ,KIRIMAN RETURN RUSAK DITERIMA OLEH PENGIRIM,RETURN SHIPMENT  DAMAGE RECEIVED BY SHIPPER,,SHIPMENT PROBLEM,,,,CLOSE / RETURN,
HL5,,INBOUND ,"HOLD 
PROCESS ",,PROPOSE DI FUNGSI INBOUND MANIFEST,FORCE MAJEURE,"KEJADIAN YANG TERJADI DILUAR KEMAMPUAN MANUSIA DAN TIDAK DAPAT DIHINDARKAN SEHINGGA KEGIATAN PENGANTARAN TIDAK DAPAT DILAKSANAKAN (Karena bencana alam seperti: banjir, tanah longsor, badai, gunung meletus,kebakaran) ",NO ACCESS DUE TO FORCE MAJEURE,Y,NO ACCESS DUE TO FORCE MAJEURE,Y,Y,,CLOSE / UNDEL,IT
HL6,,INBOUND ,"HOLD 
PROCESS ",,PROPOSE DI FUNGSI INBOUND MANIFEST,SHIPPED TO WRONG DESTINATION,KESALAHAN PENULISAN KOTA TUJUAN ,SHIPMENT SHIPPED TO WRONG DESTINATION,Y,SHIPMENT PROBLEM,Y,Y,,CLOSE / IRREG,IT
C01,,CUSTOMER SERVICE,STATUS CLAIM,,PROPOSE DI FUNGSI MODULE IRREG,CLAIM MISSING PROCESS,PROSES PENGGANTIAN KIRIMAN HILANG YANG SUDAH DIBAYARKAN KE PELANGGAN,CLAIM MISSING ALREADY PAID,Y,-,N,N,,CLOSE / CLAIM,IT
C03,,CUSTOMER SERVICE,STATUS CLAIM,,PROPOSE DI FUNGSI MODULE IRREG,CLAIM OVER SLA PREMIUM SERVICE ALREADY PAID,"PROSES PENGGANTIAN KIRIMAN TERLAMBAT (DIPLOMAT,SS,YES) YANG SUDAH DIBAYARKAN KE PELANGGAN",CLAIM OVER SLA ALREADY PAID,Y,-,N,N,,CLOSE / CLAIM,IT
C04,,CUSTOMER SERVICE,STATUS CLAIM,,PROPOSE DI FUNGSI MODULE IRREG,REFUND FREIGHT CHARGED,"PROSES PENGEMBALIAN ONGKOS KIRIM UNTUK KIRIMAN PENDING  YANG SUDAH DIBAYARKAN (TIDAK LOLOS X-RAY, BEDA BERAT, BEDA HARGA, LOLOS PACKING KAYU, KIRIMAN CANCEL)",CLAIM ALREADY PAID,Y,-,N,N,,CLOSE / CLAIM,IT
C05,,CUSTOMER SERVICE,STATUS CLAIM,,PROPOSE DI FUNGSI MODULE IRREG,PROSES PEMBAYARAN PERMINTAAN KOMPENSASI KIRIMAN TERLAMBAT,PROSES PEMBAYARAN PERMINTAAN KOMPENSASI KIRIMAN TERLAMBAT,CLAIM OVER SLA ALREADY PAID,Y,-,N,N,,CLOSE / CLAIM,IT
C06,,CUSTOMER SERVICE,STATUS CLAIM,,PROPOSE DI FUNGSI MODULE IRREG,PROSES PEMBATALAN CLAIM YG SUDAH PERNAH DIAJUKAN,PROSES PEMBATALAN CLAIM YG SUDAH PERNAH DIAJUKAN,CLAIM CANCELLED,Y,-,N,N,,CLOSE / CLAIM,IT
CL3,OPEN - AUTOCLOSE,CUSTOMER SERVICE,AUTO CLOSE,,RUNSHEET (DRI),AUTO CLOSE UN INBOUND,,,,,N,N,,CLOSE / IRREG,
D99,, DELIVERY,PROOF OF DELIVERY,,RUNSHEET (DRI),KIRIMAN BREACH LAZADA (21 HARI AFTER PRAPOSTING) APPROVAL IT(SDH DI BAYAR JNE KE LAZADA). PERTANGGUNG JAWABAN DI DESTINASI (BISA RUNSHEET ULANG) DUE DATE 14 HARI.,KIRIMAN BREACH DITERIMA OLEH JNE,SHIPMENT BREACH RECEIVED BY JNE,,SHIPMENT PROBLEM,,,,CLOSE / BREACH,
D27,, DELIVERY,PROOF OF DELIVERY,,RUNSHEET (DRI),KIRIMAN BREACH COD BOXME,KIRIMAN BREACH DITERIMA OLEH JNE,KIRIMAN BREACH DITERIMA OLEH JNE,,SHIPMENT PROBLEM,,,,CLOSE / BREACH,
D28,, DELIVERY,PROOF OF DELIVERY,,RUNSHEET (DRI),KIRIMAN BREACH COD SENHONG,KIRIMAN BREACH DITERIMA OLEH JNE,KIRIMAN BREACH DITERIMA OLEH JNE,,SHIPMENT PROBLEM,,,,CLOSE / BREACH,
D29,, DELIVERY,PROOF OF DELIVERY,,RUNSHEET (DRI),KIRIMAN BREACH COD DIGITAL COMMERCE INDONESIA,KIRIMAN BREACH DITERIMA OLEH JNE,KIRIMAN BREACH DITERIMA OLEH JNE,,SHIPMENT PROBLEM,,,,CLOSE / BREACH,
D30,, DELIVERY,PROOF OF DELIVERY,,RUNSHEET (DRI),KIRIMAN BREACH COD HAISTAR,KIRIMAN BREACH DITERIMA OLEH JNE,KIRIMAN BREACH DITERIMA OLEH JNE,,SHIPMENT PROBLEM,,,,CLOSE / BREACH,
D31,, DELIVERY,PROOF OF DELIVERY,,RUNSHEET (DRI),KIRIMAN BREACH COD MEESHO,KIRIMAN BREACH DITERIMA OLEH JNE,KIRIMAN BREACH DITERIMA OLEH JNE,,SHIPMENT PROBLEM,,,,CLOSE / BREACH,
D32,, DELIVERY,PROOF OF DELIVERY,,RUNSHEET (DRI),KIRIMAN BREACH COD SHOPEE,KIRIMAN BREACH DITERIMA OLEH JNE,KIRIMAN BREACH DITERIMA OLEH JNE,,SHIPMENT PROBLEM,,,,CLOSE / BREACH,
D33,, DELIVERY,PROOF OF DELIVERY,,RUNSHEET (DRI),KIRIMAN BREACH COD SORABEL,KIRIMAN BREACH DITERIMA OLEH JNE,KIRIMAN BREACH DITERIMA OLEH JNE,,SHIPMENT PROBLEM,,,,CLOSE / BREACH,
D34,, DELIVERY,PROOF OF DELIVERY,,RUNSHEET (DRI),KIRIMAN BREACH COD ZALORA,KIRIMAN BREACH DITERIMA OLEH JNE,KIRIMAN BREACH DITERIMA OLEH JNE,,SHIPMENT PROBLEM,,,,CLOSE / BREACH,
D35,, DELIVERY,PROOF OF DELIVERY,,RUNSHEET (DRI),KIRIMAN BREACH COD BLI-BLI,KIRIMAN BREACH DITERIMA OLEH JNE,KIRIMAN BREACH DITERIMA OLEH JNE,,SHIPMENT PROBLEM,,,,CLOSE / BREACH,
WH5,,UNDEL,HANDOVER UNDEL WEREHOUSE HOLD,,WUS,HANDOVER SHIPMENT COD LAZADA FROM PIC UNDEL TO PIC WAREHOUSE,SERAH TERIMA KIRIMAN COD LAZADA OVER SLA DARI TIM UNDEL KE PIC UNDEL WAREHOUSE,SHIPMENT COD LAZADA RECEIVED AT UNDEL WAREHOUSE DESTINATION ,,,,,,CLOSE / RETURN,
PU2,,PICKUP,PICK UP SUCCESS,,,PICKED UP BY COURIER WITHOUT CONNOTE,KIRIMAN DIJEMPUT OLEH PETUGAS KURIR TANPA DILENGKAPI RESI PENGIRIMAN (KHUSUS UNTUK CUSTOMER CORPORATE),SHIPMENT PICKED UP BY COURIER WITHOUT CONNOTE (ONLY APPLY FOR CORPPORATE CUSTOMERS),,SHIPMENT PICKED UP BY COURIER WITHOUT CONNOTE (ONLY APPLY FOR CORPPORATE CUSTOMERS),,,,,
OP1,,OUTBOUND,SHIPPED,,,DITERIMA DI SORTING CENTER ,PROSES PENYERAHAN KIRIMAN DARI PETUGAS PICK UP KEPADA PETUGAS CHECKER OUTBOUND,RECEIVED AT SORTING CENTER [CITY],,RECEIVED AT SORTING CENTER [CITY],,,,,
OP2,,OUTBOUND,SHIPPED,,,OUTBOUND MANIFEST ,PROSES PEMBUATAN DATA KIRIMAN YANG AKAN DIBERANGKATKAN ,PROCESSED AT SORTING CENTER [CITY],,PROCESSED AT SORTING CENTER [CITY],,,,,
TP1,,OUTBOUND,SHIPPED,,,ISSUED SURAT MUATAN ,PENERBITAN/PENCETAKAN SURAT MUATAN (UDARA/DARAT/LAUT),RECEIVED AT ORIGIN GATEWAY [CITY],,RECEIVED AT ORIGIN GATEWAY [CITY],,,,,
TP2,,"TRANSPORT
 ",SHIPPED,,,SERAH TERIMA KE TRANSPORTER,PROSES SERAH TERIMA KIRIMAN KEPADA TRANSPORTER PIHAK KE-3 (TIGA) UNTUK DIANGKUT KE KOTA TUJUAN / TRANSIT,DEPARTED FROM ORIGIN GATEWAY [CITY],,DEPARTED FROM ORIGIN GATEWAY [CITY],,,,,
TP3,,"TRANSPORT
 ",SHIPPED,,,DITERIMA DI ST TRANSIT,PROSES SERAH TERIMA KIRIMAN DARI TRANSPORTER PIHAK KE-3 (TIGA) KEPADA PETUGAS INCOMING DI KOTA TRANSIT,RECEIVED AT TRANSIT [CITY],,RECEIVED AT TRANSIT [CITY],,,,,
TP4,,"TRANSPORT
 ",SHIPPED,,,MANIFEST TRANSIT ,PROSES PEMBUATAN DATA KIRIMAN YANG AKAN DIBERANGKATKAN DARI KOTA TRANSIT,DEPARTED FROM TRANSIT [CITY],,DEPARTED FROM TRANSIT [CITY],,,,,
TP5,,"TRANSPORT
 ",INBOUND,,,KIRIMAN DITERIMA DI ST. DESTINASI,PROSES SERAH TERIMA KIRIMAN DARI TRANSPORTER PIHAK KE-3 (TIGA) KEPADA PETUGAS INCOMING DI GATEWAY KOTA TUJUAN ,RECEIVED AT DESTINATION GATEWAY [CITY],,RECEIVED AT DESTINATION GATEWAY [CITY],,,,,
IP1,,INBOUND ,INBOUND,,,DITERIMA DI WAREHOUSE KOTA TUJUAN,PROSES SERAH TERIMA BARANG DARI PETUGAS INCOMING AIRPORT KEPADA PETUGAS INBOUND DI KOTA TUJUAN ,RECEIVED AT WAREHOUSE  [CITY],,RECEIVED AT WAREHOUSE  [CITY],,,,,
IP2,,INBOUND ,INBOUND,,,DI TERIMA DI INBOUND STATION ,KIRIMAN SUDAH DITERIMA DI KOTA TUJUAN ,RECEIVED AT INBOUND STATION [CITY],,RECEIVED AT INBOUND STATION [CITY],,,,,
IP3,,DELIVERY,DELIVERY IN PROGRESS,,,RUNSHEET / ANTAR ULANG,KIRIMAN SEDANG DALAM PROSES PENGANTARAN KURIR ,WITH DELIVERY COURIER [CITY],,WITH DELIVERY COURIER [CITY],,,,,
OP3,,"TRANSPORT
 ",SHIPPED,,,PENERUSAN KE KOTA TUJUAN AKHIR,PROSES PENERUSAN KIRIMAN DARI KOTA TRANSIT KE KOTA TUJUAN AKHIR ,SHIPMENT FORWARDED FROM TRANSIT CITY TO DESTINATION CITY,,SHIPMENT FORWARDED FROM TRANSIT CITY TO DESTINATION CITY,,,,,
BI1,,INBOUND ,INBOUND,,,DITERIMA DI WAREHOUSE KOTA TUJUAN CABANG,PROSES SERAH TERIMA BARANG DARI PETUGAS INCOMING AIRPORT KEPADA PETUGAS INBOUND DI KOTA TUJUAN ,RECEIVED AT WAREHOUSE  [CITY],,RECEIVED AT WAREHOUSE  [CITY],,,,,
BI2,,INBOUND ,INBOUND,,,DI TERIMA DI KOTA TUJUAN  CABANG,KIRIMAN SUDAH DITERIMA DI SUB AGENT DI KOTA TUJUAN ,RECEIVED AT INBOUND STATION [CITY],,RECEIVED AT INBOUND STATION [CITY],,,,,
BI3,,INBOUND ,DELIVERY IN PROGRESS,,,RUNSHEET / ANTAR ULANG DARI CABANG,KIRIMAN SEDANG DALAM PROSES PENGANTARAN KURIR ,WITH DELIVERY COURIER [CITY],,WITH DELIVERY COURIER [CITY],,,,,
OP4,,DELIVERY,SHIPPED,,,PENERUSAN KE KOTA TUJUAN AKHIR CABANG,PROSES PENERUSAN KIRIMAN DARI KOTA TRANSIT KE KOTA TUJUAN AKHIR ,SHIPMENT FORWARDED FROM TRANSIT CITY TO DESTINATION CITY,,SHIPMENT FORWARDED FROM TRANSIT CITY TO DESTINATION CITY,,,,,
PS7,,INBOUND ,PROBLEM SHIPMENT,,PROPOSE DI FUNGSI INBOUND MANIFEST,INVALID SHIPMENT,KIRIMAN INVALID BAG ATAU CONOTE YANG TIBA DI DESTINASI,SHIPMENTS ARE INVALID,Y,SHIPMENT  PROBLEM,Y,Y,,,IT
PS8,,INBOUND ,PROBLEM SHIPMENT,,PROPOSE DI FUNGSI INBOUND MANIFEST,UNMANIFEST SHIPMENT,KIRIMAN TIBA DI DESTINASI TANPA MANIFEST OUTBOUND,SHIPMENTS ARE UNMANIFEST,Y,SHIPMENT  PROBLEM,Y,Y,,,
CR7,CLOSE,ORIGIN,RETURN,,,,,,,,,,,,
HD7,CLOSE,DELIVERY,KIRIMAN DISITA OLEH BEA CUKAI,,,KIRIMAN DISITA OLEH BEA CUKAI,KIRIMAN DISITA OLEH BEA CUKAI,,,,,,,,
U37,OPEN,INBOUND ,BREACH MP,,,SHIPMENT PROBLEM RECEIVED BY JNE,KIRIMAN MP SHOPEE BREACH,,,,,,,,
D30,CLOSE - BREACH,,BREACH MP,,,BREACH NON MP,,,,,,,,,
D37,CLOSE - BREACH,,BREACH MP,,,BREACH SHOPEE,,,,,,,,,
UF,CLOSE,DELIVERY,IRREGULARITY - DELIVERY,,,"BREACH SHOPEE - PACKAGE FAILED TO RETURN, PLEASE PICK UP AT JNE",,,,,,,,,
RFD,CLOSE,UNDEL,KIRIMAN RETURN BREACH MP,,,BREACH SHOPEE - SHIPMENT HAS BEEN SCRAPT BY JNE,,,,,,,,,
RFI,CLOSE,UNDEL,KIRIMAN RETURN BREACH MP,,,,,,,,,,,,
R37,CLOSE,DELIVERY,KIRIMAN RETURN BREACH MP,,,,,,,,,,,,
