CABANG,DESTINATION,3LC,Zona,Regional,DESTINATION GROUP LZD,"FIRST ATTEMP ( REG & Jabo, Jabar, Banten )","FIRST ATTEMP ( REG & Jateng, Jatim, Bali )",FIRST ATTEMP ( REG & Others ),"REKOMENDASI RETURN ( REG & Jabo, Jabar, Banten )","REKOMENDASI RETURN ( REG & Jateng, Jatim, Bali )",REKOMENDASI RETURN ( REG & Others ),"REKOMENDASI OM ( REG & Jabo, Jabar, Banten )","REKOMENDASI OM ( REG & Jateng, Jatim, Bali )",REKOMENDASI OM ( REG & Others ),"BREACH ( REG & Jabo, Jabar, Banten)","BREACH ( REG & Jateng, Jatim, Bali)",BREACH ( REG & Others),"FIRST ATTEMP ( JTR & Jabo, Jabar, Banten )","FIRST ATTEMP ( JTR & Jabo, Jabar, Banten ).1",FIRST ATTEMP ( JTR & Others ),"REKOMENDASI RETURN ( JTR & Jabo, Jabar, Banten )","REKOMENDASI RETURN ( JTR & Jateng, Jatim, Bali )",REKOMENDASI RETURN ( JTR & Others ),"REKOMENDASI OM ( JTR & Jabo, Jabar, Banten )","REKOMENDASI OM ( JTR & Jateng, Jatim, Bali )",REKOMENDASI OM ( JTR & Others ),"BREACH ( JTR & Jabo, Jabar, Banten )","BREACH ( JTR & Jateng, Jatim, Bali )",BREACH ( JTR & Others )
KOTA KUPANG,KOE10000,KOE,A,Regional Jatim Bali Nt,Papua & East Non Metro,9,9,14,11,11,20,12,12,21,18,18,35,19,19,24,22,22,27,23,23,28,40,40,50
KOTA KUPANG,KOE10029,KOE,A,Regional Jatim Bali Nt,Papua & East Non Metro,9,9,14,11,11,20,12,12,21,18,18,35,19,19,24,22,22,27,23,23,28,40,40,50
KOTA KUPANG,KOE10030,KOE,A,Regional Jatim Bali Nt,Papua & East Non Metro,9,9,14,11,11,20,12,12,21,18,18,35,19,19,24,22,22,27,23,23,28,40,40,50
KOTA KUPANG,KOE10031,KOE,A,Regional Jatim Bali Nt,Papua & East Non Metro,9,9,14,11,11,20,12,12,21,18,18,35,19,19,24,22,22,27,23,23,28,40,40,50
KOTA KUPANG,KOE10032,KOE,A,Regional Jatim Bali Nt,Papua & East Non Metro,9,9,14,11,11,20,12,12,21,18,18,35,19,19,24,22,22,27,23,23,28,40,40,50
KOTA KUPANG,KOE10033,KOE,A,Regional Jatim Bali Nt,Papua & East Non Metro,9,9,14,11,11,20,12,12,21,18,18,35,19,19,24,22,22,27,23,23,28,40,40,50
KOTA KUPANG,KOE10034,KOE,A,Regional Jatim Bali Nt,Papua & East Non Metro,9,9,14,11,11,20,12,12,21,18,18,35,19,19,24,22,22,27,23,23,28,40,40,50
WAIBAKUL,KOE10100,KOE,B,Regional Jatim Bali Nt,Papua & East Non Metro,9,9,14,11,11,20,12,12,21,18,18,35,19,19,24,22,22,27,23,23,28,40,40,50
WAIBAKUL,KOE10101,KOE,D,Regional Jatim Bali Nt,Papua & East Non Metro,9,9,14,11,11,20,12,12,21,18,18,35,19,19,24,22,22,27,23,23,28,40,40,50
WAIBAKUL,KOE10102,KOE,D,Regional Jatim Bali Nt,Papua & East Non Metro,9,9,14,11,11,20,12,12,21,18,18,35,19,19,24,22,22,27,23,23,28,40,40,50
WAIBAKUL,KOE10103,KOE,D,Regional Jatim Bali Nt,Papua & East Non Metro,9,9,14,11,11,20,12,12,21,18,18,35,19,19,24,22,22,27,23,23,28,40,40,50
WAIBAKUL,KOE10104,KOE,B,Regional Jatim Bali Nt,Papua & East Non Metro,9,9,14,11,11,20,12,12,21,18,18,35,19,19,24,22,22,27,23,23,28,40,40,50
WAIBAKUL,KOE10105,KOE,C,Regional Jatim Bali Nt,Papua & East Non Metro,9,9,14,11,11,20,12,12,21,18,18,35,19,19,24,22,22,27,23,23,28,40,40,50
ATAMBUA,KOE20100,KOE,B,Regional Jatim Bali Nt,Papua & East Non Metro,9,9,14,11,11,20,12,12,21,18,18,35,19,19,24,22,22,27,23,23,28,40,40,50
MALAKA,KOE20101,KOE,B,Regional Jatim Bali Nt,Papua & East Non Metro,9,9,14,11,11,20,12,12,21,18,18,35,19,19,24,22,22,27,23,23,28,40,40,50
ATAMBUA,KOE20102,KOE,D,Regional Jatim Bali Nt,Papua & East Non Metro,9,9,14,11,11,20,12,12,21,18,18,35,19,19,24,22,22,27,23,23,28,40,40,50
MALAKA,KOE20103,KOE,C,Regional Jatim Bali Nt,Papua & East Non Metro,9,9,14,11,11,20,12,12,21,18,18,35,19,19,24,22,22,27,23,23,28,40,40,50
MALAKA,KOE20104,KOE,B,Regional Jatim Bali Nt,Papua & East Non Metro,9,9,14,11,11,20,12,12,21,18,18,35,19,19,24,22,22,27,23,23,28,40,40,50
MALAKA,KOE20106,KOE,C,Regional Jatim Bali Nt,Papua & East Non Metro,9,9,14,11,11,20,12,12,21,18,18,35,19,19,24,22,22,27,23,23,28,40,40,50
ATAMBUA,KOE20108,KOE,C,Regional Jatim Bali Nt,Papua & East Non Metro,9,9,14,11,11,20,12,12,21,18,18,35,19,19,24,22,22,27,23,23,28,40,40,50
ATAMBUA,KOE20109,KOE,C,Regional Jatim Bali Nt,Papua & East Non Metro,9,9,14,11,11,20,12,12,21,18,18,35,19,19,24,22,22,27,23,23,28,40,40,50
ATAMBUA,KOE20110,KOE,C,Regional Jatim Bali Nt,Papua & East Non Metro,9,9,14,11,11,20,12,12,21,18,18,35,19,19,24,22,22,27,23,23,28,40,40,50
ATAMBUA,KOE20111,KOE,D,Regional Jatim Bali Nt,Papua & East Non Metro,9,9,14,11,11,20,12,12,21,18,18,35,19,19,24,22,22,27,23,23,28,40,40,50
MALAKA,KOE20112,KOE,D,Regional Jatim Bali Nt,Papua & East Non Metro,9,9,14,11,11,20,12,12,21,18,18,35,19,19,24,22,22,27,23,23,28,40,40,50
MALAKA,KOE20113,KOE,D,Regional Jatim Bali Nt,Papua & East Non Metro,9,9,14,11,11,20,12,12,21,18,18,35,19,19,24,22,22,27,23,23,28,40,40,50
ATAMBUA,KOE20114,KOE,C,Regional Jatim Bali Nt,Papua & East Non Metro,9,9,14,11,11,20,12,12,21,18,18,35,19,19,24,22,22,27,23,23,28,40,40,50
ATAMBUA,KOE20115,KOE,D,Regional Jatim Bali Nt,Papua & East Non Metro,9,9,14,11,11,20,12,12,21,18,18,35,19,19,24,22,22,27,23,23,28,40,40,50
ATAMBUA,KOE20116,KOE,C,Regional Jatim Bali Nt,Papua & East Non Metro,9,9,14,11,11,20,12,12,21,18,18,35,19,19,24,22,22,27,23,23,28,40,40,50
ATAMBUA,KOE20117,KOE,D,Regional Jatim Bali Nt,Papua & East Non Metro,9,9,14,11,11,20,12,12,21,18,18,35,19,19,24,22,22,27,23,23,28,40,40,50
ATAMBUA,KOE20118,KOE,B,Regional Jatim Bali Nt,Papua & East Non Metro,9,9,14,11,11,20,12,12,21,18,18,35,19,19,24,22,22,27,23,23,28,40,40,50
ATAMBUA,KOE20119,KOE,B,Regional Jatim Bali Nt,Papua & East Non Metro,9,9,14,11,11,20,12,12,21,18,18,35,19,19,24,22,22,27,23,23,28,40,40,50
ALOR,KOE20200,KOE,B,Regional Jatim Bali Nt,Papua & East Remote,16,16,18,20,20,22,21,21,23,35,35,41,26,26,31,29,29,29,30,30,30,54,54,64
ALOR,KOE20201,KOE,D,Regional Jatim Bali Nt,Papua & East Remote,16,16,18,20,20,22,21,21,23,35,35,41,26,26,31,29,29,29,30,30,30,54,54,64
ALOR,KOE20202,KOE,D,Regional Jatim Bali Nt,Papua & East Remote,16,16,18,20,20,22,21,21,23,35,35,41,26,26,31,29,29,29,30,30,30,54,54,64
ALOR,KOE20203,KOE,D,Regional Jatim Bali Nt,Papua & East Remote,16,16,18,20,20,22,21,21,23,35,35,41,26,26,31,29,29,29,30,30,30,54,54,64
ALOR,KOE20204,KOE,C,Regional Jatim Bali Nt,Papua & East Remote,16,16,18,20,20,22,21,21,23,35,35,41,26,26,31,29,29,29,30,30,30,54,54,64
ALOR,KOE20205,KOE,C,Regional Jatim Bali Nt,Papua & East Remote,16,16,18,20,20,22,21,21,23,35,35,41,26,26,31,29,29,29,30,30,30,54,54,64
ALOR,KOE20206,KOE,C,Regional Jatim Bali Nt,Papua & East Remote,16,16,18,20,20,22,21,21,23,35,35,41,26,26,31,29,29,29,30,30,30,54,54,64
ALOR,KOE20207,KOE,D,Regional Jatim Bali Nt,Papua & East Remote,16,16,18,20,20,22,21,21,23,35,35,41,26,26,31,29,29,29,30,30,30,54,54,64
ALOR,KOE20208,KOE,D,Regional Jatim Bali Nt,Papua & East Remote,16,16,18,20,20,22,21,21,23,35,35,41,26,26,31,29,29,29,30,30,30,54,54,64
ALOR,KOE20209,KOE,B,Regional Jatim Bali Nt,Papua & East Remote,16,16,18,20,20,22,21,21,23,35,35,41,26,26,31,29,29,29,30,30,30,54,54,64
ALOR,KOE20210,KOE,C,Regional Jatim Bali Nt,Papua & East Remote,16,16,18,20,20,22,21,21,23,35,35,41,26,26,31,29,29,29,30,30,30,54,54,64
ALOR,KOE20211,KOE,C,Regional Jatim Bali Nt,Papua & East Remote,16,16,18,20,20,22,21,21,23,35,35,41,26,26,31,29,29,29,30,30,30,54,54,64
ALOR,KOE20212,KOE,C,Regional Jatim Bali Nt,Papua & East Remote,16,16,18,20,20,22,21,21,23,35,35,41,26,26,31,29,29,29,30,30,30,54,54,64
ALOR,KOE20213,KOE,C,Regional Jatim Bali Nt,Papua & East Remote,16,16,18,20,20,22,21,21,23,35,35,41,26,26,31,29,29,29,30,30,30,54,54,64
ALOR,KOE20214,KOE,C,Regional Jatim Bali Nt,Papua & East Remote,16,16,18,20,20,22,21,21,23,35,35,41,26,26,31,29,29,29,30,30,30,54,54,64
ALOR,KOE20215,KOE,C,Regional Jatim Bali Nt,Papua & East Remote,16,16,18,20,20,22,21,21,23,35,35,41,26,26,31,29,29,29,30,30,30,54,54,64
ALOR,KOE20216,KOE,C,Regional Jatim Bali Nt,Papua & East Remote,16,16,18,20,20,22,21,21,23,35,35,41,26,26,31,29,29,29,30,30,30,54,54,64
ALOR,KOE20217,KOE,B,Regional Jatim Bali Nt,Papua & East Remote,16,16,18,20,20,22,21,21,23,35,35,41,26,26,31,29,29,29,30,30,30,54,54,64
KEFA,KOE20300,KOE,B,Regional Jatim Bali Nt,Papua & East Non Metro,9,9,14,11,11,20,12,12,21,18,18,35,19,19,24,22,22,27,23,23,28,40,40,50
KEFA,KOE20301,KOE,D,Regional Jatim Bali Nt,Papua & East Non Metro,9,9,14,11,11,20,12,12,21,18,18,35,19,19,24,22,22,27,23,23,28,40,40,50
KEFA,KOE20302,KOE,D,Regional Jatim Bali Nt,Papua & East Non Metro,9,9,14,11,11,20,12,12,21,18,18,35,19,19,24,22,22,27,23,23,28,40,40,50
KEFA,KOE20303,KOE,C,Regional Jatim Bali Nt,Papua & East Non Metro,9,9,14,11,11,20,12,12,21,18,18,35,19,19,24,22,22,27,23,23,28,40,40,50
KEFA,KOE20304,KOE,C,Regional Jatim Bali Nt,Papua & East Non Metro,9,9,14,11,11,20,12,12,21,18,18,35,19,19,24,22,22,27,23,23,28,40,40,50
KEFA,KOE20305,KOE,D,Regional Jatim Bali Nt,Papua & East Non Metro,9,9,14,11,11,20,12,12,21,18,18,35,19,19,24,22,22,27,23,23,28,40,40,50
KEFA,KOE20306,KOE,D,Regional Jatim Bali Nt,Papua & East Non Metro,9,9,14,11,11,20,12,12,21,18,18,35,19,19,24,22,22,27,23,23,28,40,40,50
KEFA,KOE20307,KOE,D,Regional Jatim Bali Nt,Papua & East Non Metro,9,9,14,11,11,20,12,12,21,18,18,35,19,19,24,22,22,27,23,23,28,40,40,50
KEFA,KOE20309,KOE,C,Regional Jatim Bali Nt,Papua & East Non Metro,9,9,14,11,11,20,12,12,21,18,18,35,19,19,24,22,22,27,23,23,28,40,40,50
KEFA,KOE20310,KOE,D,Regional Jatim Bali Nt,Papua & East Non Metro,9,9,14,11,11,20,12,12,21,18,18,35,19,19,24,22,22,27,23,23,28,40,40,50
KEFA,KOE20311,KOE,C,Regional Jatim Bali Nt,Papua & East Non Metro,9,9,14,11,11,20,12,12,21,18,18,35,19,19,24,22,22,27,23,23,28,40,40,50
KEFA,KOE20312,KOE,D,Regional Jatim Bali Nt,Papua & East Non Metro,9,9,14,11,11,20,12,12,21,18,18,35,19,19,24,22,22,27,23,23,28,40,40,50
KEFA,KOE20313,KOE,C,Regional Jatim Bali Nt,Papua & East Non Metro,9,9,14,11,11,20,12,12,21,18,18,35,19,19,24,22,22,27,23,23,28,40,40,50
KEFA,KOE20314,KOE,C,Regional Jatim Bali Nt,Papua & East Non Metro,9,9,14,11,11,20,12,12,21,18,18,35,19,19,24,22,22,27,23,23,28,40,40,50
KEFA,KOE20315,KOE,C,Regional Jatim Bali Nt,Papua & East Non Metro,9,9,14,11,11,20,12,12,21,18,18,35,19,19,24,22,22,27,23,23,28,40,40,50
KEFA,KOE20316,KOE,D,Regional Jatim Bali Nt,Papua & East Non Metro,9,9,14,11,11,20,12,12,21,18,18,35,19,19,24,22,22,27,23,23,28,40,40,50
KEFA,KOE20317,KOE,C,Regional Jatim Bali Nt,Papua & East Non Metro,9,9,14,11,11,20,12,12,21,18,18,35,19,19,24,22,22,27,23,23,28,40,40,50
KEFA,KOE20318,KOE,D,Regional Jatim Bali Nt,Papua & East Non Metro,9,9,14,11,11,20,12,12,21,18,18,35,19,19,24,22,22,27,23,23,28,40,40,50
KEFA,KOE20319,KOE,C,Regional Jatim Bali Nt,Papua & East Non Metro,9,9,14,11,11,20,12,12,21,18,18,35,19,19,24,22,22,27,23,23,28,40,40,50
KEFA,KOE20320,KOE,C,Regional Jatim Bali Nt,Papua & East Non Metro,9,9,14,11,11,20,12,12,21,18,18,35,19,19,24,22,22,27,23,23,28,40,40,50
KEFA,KOE20321,KOE,D,Regional Jatim Bali Nt,Papua & East Non Metro,9,9,14,11,11,20,12,12,21,18,18,35,19,19,24,22,22,27,23,23,28,40,40,50
KEFA,KOE20322,KOE,D,Regional Jatim Bali Nt,Papua & East Non Metro,9,9,14,11,11,20,12,12,21,18,18,35,19,19,24,22,22,27,23,23,28,40,40,50
KEFA,KOE20323,KOE,D,Regional Jatim Bali Nt,Papua & East Non Metro,9,9,14,11,11,20,12,12,21,18,18,35,19,19,24,22,22,27,23,23,28,40,40,50
KEFA,KOE20324,KOE,D,Regional Jatim Bali Nt,Papua & East Non Metro,9,9,14,11,11,20,12,12,21,18,18,35,19,19,24,22,22,27,23,23,28,40,40,50
LARANTUKA,KOE20400,KOE,B,Regional Jatim Bali Nt,Papua & East Non Metro,9,9,14,11,11,20,12,12,21,18,18,35,19,19,24,22,22,27,23,23,28,40,40,50
LARANTUKA,KOE20401,KOE,C,Regional Jatim Bali Nt,Papua & East Non Metro,9,9,14,11,11,20,12,12,21,18,18,35,19,19,24,22,22,27,23,23,28,40,40,50
LARANTUKA,KOE20402,KOE,C,Regional Jatim Bali Nt,Papua & East Non Metro,9,9,14,11,11,20,12,12,21,18,18,35,19,19,24,22,22,27,23,23,28,40,40,50
LARANTUKA,KOE20409,KOE,C,Regional Jatim Bali Nt,Papua & East Non Metro,9,9,14,11,11,20,12,12,21,18,18,35,19,19,24,22,22,27,23,23,28,40,40,50
LARANTUKA,KOE20410,KOE,C,Regional Jatim Bali Nt,Papua & East Non Metro,9,9,14,11,11,20,12,12,21,18,18,35,19,19,24,22,22,27,23,23,28,40,40,50
LARANTUKA,KOE20411,KOE,C,Regional Jatim Bali Nt,Papua & East Non Metro,9,9,14,11,11,20,12,12,21,18,18,35,19,19,24,22,22,27,23,23,28,40,40,50
LARANTUKA,KOE20412,KOE,C,Regional Jatim Bali Nt,Papua & East Non Metro,9,9,14,11,11,20,12,12,21,18,18,35,19,19,24,22,22,27,23,23,28,40,40,50
LARANTUKA,KOE20414,KOE,C,Regional Jatim Bali Nt,Papua & East Non Metro,9,9,14,11,11,20,12,12,21,18,18,35,19,19,24,22,22,27,23,23,28,40,40,50
LARANTUKA,KOE20415,KOE,C,Regional Jatim Bali Nt,Papua & East Non Metro,9,9,14,11,11,20,12,12,21,18,18,35,19,19,24,22,22,27,23,23,28,40,40,50
LARANTUKA,KOE20416,KOE,C,Regional Jatim Bali Nt,Papua & East Non Metro,9,9,14,11,11,20,12,12,21,18,18,35,19,19,24,22,22,27,23,23,28,40,40,50
LARANTUKA,KOE20417,KOE,C,Regional Jatim Bali Nt,Papua & East Non Metro,9,9,14,11,11,20,12,12,21,18,18,35,19,19,24,22,22,27,23,23,28,40,40,50
LARANTUKA,KOE20418,KOE,C,Regional Jatim Bali Nt,Papua & East Non Metro,9,9,14,11,11,20,12,12,21,18,18,35,19,19,24,22,22,27,23,23,28,40,40,50
LARANTUKA,KOE20419,KOE,C,Regional Jatim Bali Nt,Papua & East Non Metro,9,9,14,11,11,20,12,12,21,18,18,35,19,19,24,22,22,27,23,23,28,40,40,50
LARANTUKA,KOE20420,KOE,C,Regional Jatim Bali Nt,Papua & East Non Metro,9,9,14,11,11,20,12,12,21,18,18,35,19,19,24,22,22,27,23,23,28,40,40,50
LARANTUKA,KOE20421,KOE,C,Regional Jatim Bali Nt,Papua & East Non Metro,9,9,14,11,11,20,12,12,21,18,18,35,19,19,24,22,22,27,23,23,28,40,40,50
LARANTUKA,KOE20422,KOE,C,Regional Jatim Bali Nt,Papua & East Non Metro,9,9,14,11,11,20,12,12,21,18,18,35,19,19,24,22,22,27,23,23,28,40,40,50
LARANTUKA,KOE20423,KOE,C,Regional Jatim Bali Nt,Papua & East Non Metro,9,9,14,11,11,20,12,12,21,18,18,35,19,19,24,22,22,27,23,23,28,40,40,50
LARANTUKA,KOE20424,KOE,C,Regional Jatim Bali Nt,Papua & East Non Metro,9,9,14,11,11,20,12,12,21,18,18,35,19,19,24,22,22,27,23,23,28,40,40,50
LARANTUKA,KOE20425,KOE,C,Regional Jatim Bali Nt,Papua & East Non Metro,9,9,14,11,11,20,12,12,21,18,18,35,19,19,24,22,22,27,23,23,28,40,40,50
MAUMERE,KOE20500,KOE,B,Regional Jatim Bali Nt,Papua & East Non Metro,9,9,14,11,11,20,12,12,21,18,18,35,19,19,24,22,22,27,23,23,28,40,40,50
MAUMERE,KOE20501,KOE,B,Regional Jatim Bali Nt,Papua & East Non Metro,9,9,14,11,11,20,12,12,21,18,18,35,19,19,24,22,22,27,23,23,28,40,40,50
MAUMERE,KOE20502,KOE,B,Regional Jatim Bali Nt,Papua & East Non Metro,9,9,14,11,11,20,12,12,21,18,18,35,19,19,24,22,22,27,23,23,28,40,40,50
MAUMERE,KOE20503,KOE,C,Regional Jatim Bali Nt,Papua & East Non Metro,9,9,14,11,11,20,12,12,21,18,18,35,19,19,24,22,22,27,23,23,28,40,40,50
MAUMERE,KOE20504,KOE,B,Regional Jatim Bali Nt,Papua & East Non Metro,9,9,14,11,11,20,12,12,21,18,18,35,19,19,24,22,22,27,23,23,28,40,40,50
MAUMERE,KOE20505,KOE,C,Regional Jatim Bali Nt,Papua & East Non Metro,9,9,14,11,11,20,12,12,21,18,18,35,19,19,24,22,22,27,23,23,28,40,40,50
MAUMERE,KOE20506,KOE,C,Regional Jatim Bali Nt,Papua & East Non Metro,9,9,14,11,11,20,12,12,21,18,18,35,19,19,24,22,22,27,23,23,28,40,40,50
MAUMERE,KOE20507,KOE,B,Regional Jatim Bali Nt,Papua & East Non Metro,9,9,14,11,11,20,12,12,21,18,18,35,19,19,24,22,22,27,23,23,28,40,40,50
MAUMERE,KOE20508,KOE,C,Regional Jatim Bali Nt,Papua & East Non Metro,9,9,14,11,11,20,12,12,21,18,18,35,19,19,24,22,22,27,23,23,28,40,40,50
MAUMERE,KOE20509,KOE,D,Regional Jatim Bali Nt,Papua & East Non Metro,9,9,14,11,11,20,12,12,21,18,18,35,19,19,24,22,22,27,23,23,28,40,40,50
MAUMERE,KOE20510,KOE,B,Regional Jatim Bali Nt,Papua & East Non Metro,9,9,14,11,11,20,12,12,21,18,18,35,19,19,24,22,22,27,23,23,28,40,40,50
MAUMERE,KOE20511,KOE,C,Regional Jatim Bali Nt,Papua & East Non Metro,9,9,14,11,11,20,12,12,21,18,18,35,19,19,24,22,22,27,23,23,28,40,40,50
MAUMERE,KOE20512,KOE,C,Regional Jatim Bali Nt,Papua & East Non Metro,9,9,14,11,11,20,12,12,21,18,18,35,19,19,24,22,22,27,23,23,28,40,40,50
MAUMERE,KOE20513,KOE,B,Regional Jatim Bali Nt,Papua & East Non Metro,9,9,14,11,11,20,12,12,21,18,18,35,19,19,24,22,22,27,23,23,28,40,40,50
MAUMERE,KOE20514,KOE,C,Regional Jatim Bali Nt,Papua & East Non Metro,9,9,14,11,11,20,12,12,21,18,18,35,19,19,24,22,22,27,23,23,28,40,40,50
MAUMERE,KOE20515,KOE,B,Regional Jatim Bali Nt,Papua & East Non Metro,9,9,14,11,11,20,12,12,21,18,18,35,19,19,24,22,22,27,23,23,28,40,40,50
MAUMERE,KOE20516,KOE,B,Regional Jatim Bali Nt,Papua & East Non Metro,9,9,14,11,11,20,12,12,21,18,18,35,19,19,24,22,22,27,23,23,28,40,40,50
MAUMERE,KOE20517,KOE,B,Regional Jatim Bali Nt,Papua & East Non Metro,9,9,14,11,11,20,12,12,21,18,18,35,19,19,24,22,22,27,23,23,28,40,40,50
MAUMERE,KOE20518,KOE,B,Regional Jatim Bali Nt,Papua & East Non Metro,9,9,14,11,11,20,12,12,21,18,18,35,19,19,24,22,22,27,23,23,28,40,40,50
MAUMERE,KOE20519,KOE,B,Regional Jatim Bali Nt,Papua & East Non Metro,9,9,14,11,11,20,12,12,21,18,18,35,19,19,24,22,22,27,23,23,28,40,40,50
MAUMERE,KOE20520,KOE,C,Regional Jatim Bali Nt,Papua & East Non Metro,9,9,14,11,11,20,12,12,21,18,18,35,19,19,24,22,22,27,23,23,28,40,40,50
MAUMERE,KOE20521,KOE,C,Regional Jatim Bali Nt,Papua & East Non Metro,9,9,14,11,11,20,12,12,21,18,18,35,19,19,24,22,22,27,23,23,28,40,40,50
RUTENG,KOE20600,KOE,B,Regional Jatim Bali Nt,Papua & East Non Metro,9,9,14,11,11,20,12,12,21,18,18,35,19,19,24,22,22,27,23,23,28,40,40,50
RUTENG,KOE20603,KOE,D,Regional Jatim Bali Nt,Papua & East Non Metro,9,9,14,11,11,20,12,12,21,18,18,35,19,19,24,22,22,27,23,23,28,40,40,50
RUTENG,KOE20611,KOE,D,Regional Jatim Bali Nt,Papua & East Non Metro,9,9,14,11,11,20,12,12,21,18,18,35,19,19,24,22,22,27,23,23,28,40,40,50
RUTENG,KOE20613,KOE,C,Regional Jatim Bali Nt,Papua & East Non Metro,9,9,14,11,11,20,12,12,21,18,18,35,19,19,24,22,22,27,23,23,28,40,40,50
RUTENG,KOE20614,KOE,D,Regional Jatim Bali Nt,Papua & East Non Metro,9,9,14,11,11,20,12,12,21,18,18,35,19,19,24,22,22,27,23,23,28,40,40,50
BORONG,KOE20616,KOE,D,Regional Jatim Bali Nt,Papua & East Non Metro,9,9,14,11,11,20,12,12,21,18,18,35,19,19,24,22,22,27,23,23,28,40,40,50
BORONG,KOE20617,KOE,B,Regional Jatim Bali Nt,Papua & East Non Metro,9,9,14,11,11,20,12,12,21,18,18,35,19,19,24,22,22,27,23,23,28,40,40,50
BORONG,KOE20618,KOE,D,Regional Jatim Bali Nt,Papua & East Non Metro,9,9,14,11,11,20,12,12,21,18,18,35,19,19,24,22,22,27,23,23,28,40,40,50
BORONG,KOE20619,KOE,D,Regional Jatim Bali Nt,Papua & East Non Metro,9,9,14,11,11,20,12,12,21,18,18,35,19,19,24,22,22,27,23,23,28,40,40,50
RUTENG,KOE20620,KOE,D,Regional Jatim Bali Nt,Papua & East Non Metro,9,9,14,11,11,20,12,12,21,18,18,35,19,19,24,22,22,27,23,23,28,40,40,50
RUTENG,KOE20621,KOE,D,Regional Jatim Bali Nt,Papua & East Non Metro,9,9,14,11,11,20,12,12,21,18,18,35,19,19,24,22,22,27,23,23,28,40,40,50
RUTENG,KOE20622,KOE,D,Regional Jatim Bali Nt,Papua & East Non Metro,9,9,14,11,11,20,12,12,21,18,18,35,19,19,24,22,22,27,23,23,28,40,40,50
RUTENG,KOE20623,KOE,D,Regional Jatim Bali Nt,Papua & East Non Metro,9,9,14,11,11,20,12,12,21,18,18,35,19,19,24,22,22,27,23,23,28,40,40,50
RUTENG,KOE20624,KOE,B,Regional Jatim Bali Nt,Papua & East Non Metro,9,9,14,11,11,20,12,12,21,18,18,35,19,19,24,22,22,27,23,23,28,40,40,50
RUTENG,KOE20625,KOE,D,Regional Jatim Bali Nt,Papua & East Non Metro,9,9,14,11,11,20,12,12,21,18,18,35,19,19,24,22,22,27,23,23,28,40,40,50
RUTENG,KOE20626,KOE,D,Regional Jatim Bali Nt,Papua & East Non Metro,9,9,14,11,11,20,12,12,21,18,18,35,19,19,24,22,22,27,23,23,28,40,40,50
SOE,KOE20700,KOE,B,Regional Jatim Bali Nt,Papua & East Non Metro,9,9,14,11,11,20,12,12,21,18,18,35,19,19,24,22,22,27,23,23,28,40,40,50
SOE,KOE20701,KOE,D,Regional Jatim Bali Nt,Papua & East Non Metro,9,9,14,11,11,20,12,12,21,18,18,35,19,19,24,22,22,27,23,23,28,40,40,50
SOE,KOE20702,KOE,C,Regional Jatim Bali Nt,Papua & East Non Metro,9,9,14,11,11,20,12,12,21,18,18,35,19,19,24,22,22,27,23,23,28,40,40,50
SOE,KOE20704,KOE,C,Regional Jatim Bali Nt,Papua & East Non Metro,9,9,14,11,11,20,12,12,21,18,18,35,19,19,24,22,22,27,23,23,28,40,40,50
SOE,KOE20706,KOE,D,Regional Jatim Bali Nt,Papua & East Non Metro,9,9,14,11,11,20,12,12,21,18,18,35,19,19,24,22,22,27,23,23,28,40,40,50
SOE,KOE20707,KOE,C,Regional Jatim Bali Nt,Papua & East Non Metro,9,9,14,11,11,20,12,12,21,18,18,35,19,19,24,22,22,27,23,23,28,40,40,50
SOE,KOE20708,KOE,D,Regional Jatim Bali Nt,Papua & East Non Metro,9,9,14,11,11,20,12,12,21,18,18,35,19,19,24,22,22,27,23,23,28,40,40,50
SOE,KOE20709,KOE,C,Regional Jatim Bali Nt,Papua & East Non Metro,9,9,14,11,11,20,12,12,21,18,18,35,19,19,24,22,22,27,23,23,28,40,40,50
SOE,KOE20710,KOE,D,Regional Jatim Bali Nt,Papua & East Non Metro,9,9,14,11,11,20,12,12,21,18,18,35,19,19,24,22,22,27,23,23,28,40,40,50
SOE,KOE20711,KOE,D,Regional Jatim Bali Nt,Papua & East Non Metro,9,9,14,11,11,20,12,12,21,18,18,35,19,19,24,22,22,27,23,23,28,40,40,50
SOE,KOE20712,KOE,D,Regional Jatim Bali Nt,Papua & East Non Metro,9,9,14,11,11,20,12,12,21,18,18,35,19,19,24,22,22,27,23,23,28,40,40,50
SOE,KOE20713,KOE,D,Regional Jatim Bali Nt,Papua & East Non Metro,9,9,14,11,11,20,12,12,21,18,18,35,19,19,24,22,22,27,23,23,28,40,40,50
SOE,KOE20714,KOE,D,Regional Jatim Bali Nt,Papua & East Non Metro,9,9,14,11,11,20,12,12,21,18,18,35,19,19,24,22,22,27,23,23,28,40,40,50
SOE,KOE20715,KOE,D,Regional Jatim Bali Nt,Papua & East Non Metro,9,9,14,11,11,20,12,12,21,18,18,35,19,19,24,22,22,27,23,23,28,40,40,50
SOE,KOE20716,KOE,D,Regional Jatim Bali Nt,Papua & East Non Metro,9,9,14,11,11,20,12,12,21,18,18,35,19,19,24,22,22,27,23,23,28,40,40,50
SOE,KOE20717,KOE,D,Regional Jatim Bali Nt,Papua & East Non Metro,9,9,14,11,11,20,12,12,21,18,18,35,19,19,24,22,22,27,23,23,28,40,40,50
SOE,KOE20718,KOE,D,Regional Jatim Bali Nt,Papua & East Non Metro,9,9,14,11,11,20,12,12,21,18,18,35,19,19,24,22,22,27,23,23,28,40,40,50
SOE,KOE20719,KOE,D,Regional Jatim Bali Nt,Papua & East Non Metro,9,9,14,11,11,20,12,12,21,18,18,35,19,19,24,22,22,27,23,23,28,40,40,50
SOE,KOE20720,KOE,D,Regional Jatim Bali Nt,Papua & East Non Metro,9,9,14,11,11,20,12,12,21,18,18,35,19,19,24,22,22,27,23,23,28,40,40,50
SOE,KOE20721,KOE,D,Regional Jatim Bali Nt,Papua & East Non Metro,9,9,14,11,11,20,12,12,21,18,18,35,19,19,24,22,22,27,23,23,28,40,40,50
SOE,KOE20722,KOE,D,Regional Jatim Bali Nt,Papua & East Non Metro,9,9,14,11,11,20,12,12,21,18,18,35,19,19,24,22,22,27,23,23,28,40,40,50
SOE,KOE20723,KOE,D,Regional Jatim Bali Nt,Papua & East Non Metro,9,9,14,11,11,20,12,12,21,18,18,35,19,19,24,22,22,27,23,23,28,40,40,50
SOE,KOE20724,KOE,D,Regional Jatim Bali Nt,Papua & East Non Metro,9,9,14,11,11,20,12,12,21,18,18,35,19,19,24,22,22,27,23,23,28,40,40,50
SOE,KOE20725,KOE,D,Regional Jatim Bali Nt,Papua & East Non Metro,9,9,14,11,11,20,12,12,21,18,18,35,19,19,24,22,22,27,23,23,28,40,40,50
SOE,KOE20726,KOE,D,Regional Jatim Bali Nt,Papua & East Non Metro,9,9,14,11,11,20,12,12,21,18,18,35,19,19,24,22,22,27,23,23,28,40,40,50
SOE,KOE20727,KOE,D,Regional Jatim Bali Nt,Papua & East Non Metro,9,9,14,11,11,20,12,12,21,18,18,35,19,19,24,22,22,27,23,23,28,40,40,50
SOE,KOE20728,KOE,D,Regional Jatim Bali Nt,Papua & East Non Metro,9,9,14,11,11,20,12,12,21,18,18,35,19,19,24,22,22,27,23,23,28,40,40,50
SOE,KOE20729,KOE,B,Regional Jatim Bali Nt,Papua & East Non Metro,9,9,14,11,11,20,12,12,21,18,18,35,19,19,24,22,22,27,23,23,28,40,40,50
SOE,KOE20730,KOE,D,Regional Jatim Bali Nt,Papua & East Non Metro,9,9,14,11,11,20,12,12,21,18,18,35,19,19,24,22,22,27,23,23,28,40,40,50
SOE,KOE20731,KOE,D,Regional Jatim Bali Nt,Papua & East Non Metro,9,9,14,11,11,20,12,12,21,18,18,35,19,19,24,22,22,27,23,23,28,40,40,50
SOE,KOE20732,KOE,D,Regional Jatim Bali Nt,Papua & East Non Metro,9,9,14,11,11,20,12,12,21,18,18,35,19,19,24,22,22,27,23,23,28,40,40,50
SOE,KOE20733,KOE,D,Regional Jatim Bali Nt,Papua & East Non Metro,9,9,14,11,11,20,12,12,21,18,18,35,19,19,24,22,22,27,23,23,28,40,40,50
SOE,KOE20734,KOE,D,Regional Jatim Bali Nt,Papua & East Non Metro,9,9,14,11,11,20,12,12,21,18,18,35,19,19,24,22,22,27,23,23,28,40,40,50
ENDE,KOE20800,KOE,B,Regional Jatim Bali Nt,Papua & East Non Metro,9,9,14,11,11,20,12,12,21,18,18,35,19,19,24,22,22,27,23,23,28,40,40,50
ENDE,KOE20801,KOE,C,Regional Jatim Bali Nt,Papua & East Non Metro,9,9,14,11,11,20,12,12,21,18,18,35,19,19,24,22,22,27,23,23,28,40,40,50
ENDE,KOE20803,KOE,C,Regional Jatim Bali Nt,Papua & East Non Metro,9,9,14,11,11,20,12,12,21,18,18,35,19,19,24,22,22,27,23,23,28,40,40,50
ENDE,KOE20804,KOE,C,Regional Jatim Bali Nt,Papua & East Non Metro,9,9,14,11,11,20,12,12,21,18,18,35,19,19,24,22,22,27,23,23,28,40,40,50
ENDE,KOE20805,KOE,C,Regional Jatim Bali Nt,Papua & East Non Metro,9,9,14,11,11,20,12,12,21,18,18,35,19,19,24,22,22,27,23,23,28,40,40,50
ENDE,KOE20806,KOE,C,Regional Jatim Bali Nt,Papua & East Non Metro,9,9,14,11,11,20,12,12,21,18,18,35,19,19,24,22,22,27,23,23,28,40,40,50
ENDE,KOE20807,KOE,C,Regional Jatim Bali Nt,Papua & East Non Metro,9,9,14,11,11,20,12,12,21,18,18,35,19,19,24,22,22,27,23,23,28,40,40,50
ENDE,KOE20808,KOE,C,Regional Jatim Bali Nt,Papua & East Non Metro,9,9,14,11,11,20,12,12,21,18,18,35,19,19,24,22,22,27,23,23,28,40,40,50
ENDE,KOE20809,KOE,C,Regional Jatim Bali Nt,Papua & East Non Metro,9,9,14,11,11,20,12,12,21,18,18,35,19,19,24,22,22,27,23,23,28,40,40,50
ENDE,KOE20810,KOE,C,Regional Jatim Bali Nt,Papua & East Non Metro,9,9,14,11,11,20,12,12,21,18,18,35,19,19,24,22,22,27,23,23,28,40,40,50
ENDE,KOE20811,KOE,C,Regional Jatim Bali Nt,Papua & East Non Metro,9,9,14,11,11,20,12,12,21,18,18,35,19,19,24,22,22,27,23,23,28,40,40,50
ENDE,KOE20812,KOE,D,Regional Jatim Bali Nt,Papua & East Non Metro,9,9,14,11,11,20,12,12,21,18,18,35,19,19,24,22,22,27,23,23,28,40,40,50
ENDE,KOE20813,KOE,D,Regional Jatim Bali Nt,Papua & East Non Metro,9,9,14,11,11,20,12,12,21,18,18,35,19,19,24,22,22,27,23,23,28,40,40,50
ENDE,KOE20814,KOE,D,Regional Jatim Bali Nt,Papua & East Non Metro,9,9,14,11,11,20,12,12,21,18,18,35,19,19,24,22,22,27,23,23,28,40,40,50
ENDE,KOE20815,KOE,C,Regional Jatim Bali Nt,Papua & East Non Metro,9,9,14,11,11,20,12,12,21,18,18,35,19,19,24,22,22,27,23,23,28,40,40,50
ENDE,KOE20816,KOE,D,Regional Jatim Bali Nt,Papua & East Non Metro,9,9,14,11,11,20,12,12,21,18,18,35,19,19,24,22,22,27,23,23,28,40,40,50
ENDE,KOE20817,KOE,D,Regional Jatim Bali Nt,Papua & East Non Metro,9,9,14,11,11,20,12,12,21,18,18,35,19,19,24,22,22,27,23,23,28,40,40,50
ENDE,KOE20818,KOE,D,Regional Jatim Bali Nt,Papua & East Non Metro,9,9,14,11,11,20,12,12,21,18,18,35,19,19,24,22,22,27,23,23,28,40,40,50
ENDE,KOE20820,KOE,C,Regional Jatim Bali Nt,Papua & East Non Metro,9,9,14,11,11,20,12,12,21,18,18,35,19,19,24,22,22,27,23,23,28,40,40,50
ENDE,KOE20821,KOE,C,Regional Jatim Bali Nt,Papua & East Non Metro,9,9,14,11,11,20,12,12,21,18,18,35,19,19,24,22,22,27,23,23,28,40,40,50
ENDE,KOE20822,KOE,D,Regional Jatim Bali Nt,Papua & East Non Metro,9,9,14,11,11,20,12,12,21,18,18,35,19,19,24,22,22,27,23,23,28,40,40,50
BAJAWA,KOE20900,KOE,B,Regional Jatim Bali Nt,Papua & East Non Metro,9,9,14,11,11,20,12,12,21,18,18,35,19,19,24,22,22,27,23,23,28,40,40,50
BAJAWA,KOE20902,KOE,C,Regional Jatim Bali Nt,Papua & East Non Metro,9,9,14,11,11,20,12,12,21,18,18,35,19,19,24,22,22,27,23,23,28,40,40,50
BAJAWA,KOE20907,KOE,D,Regional Jatim Bali Nt,Papua & East Non Metro,9,9,14,11,11,20,12,12,21,18,18,35,19,19,24,22,22,27,23,23,28,40,40,50
BAJAWA,KOE20908,KOE,C,Regional Jatim Bali Nt,Papua & East Non Metro,9,9,14,11,11,20,12,12,21,18,18,35,19,19,24,22,22,27,23,23,28,40,40,50
BAJAWA,KOE20912,KOE,B,Regional Jatim Bali Nt,Papua & East Non Metro,9,9,14,11,11,20,12,12,21,18,18,35,19,19,24,22,22,27,23,23,28,40,40,50
BAJAWA,KOE20913,KOE,D,Regional Jatim Bali Nt,Papua & East Non Metro,9,9,14,11,11,20,12,12,21,18,18,35,19,19,24,22,22,27,23,23,28,40,40,50
BAJAWA,KOE20914,KOE,B,Regional Jatim Bali Nt,Papua & East Non Metro,9,9,14,11,11,20,12,12,21,18,18,35,19,19,24,22,22,27,23,23,28,40,40,50
BAJAWA,KOE20915,KOE,C,Regional Jatim Bali Nt,Papua & East Non Metro,9,9,14,11,11,20,12,12,21,18,18,35,19,19,24,22,22,27,23,23,28,40,40,50
BAJAWA,KOE20917,KOE,C,Regional Jatim Bali Nt,Papua & East Non Metro,9,9,14,11,11,20,12,12,21,18,18,35,19,19,24,22,22,27,23,23,28,40,40,50
BAJAWA,KOE20918,KOE,D,Regional Jatim Bali Nt,Papua & East Non Metro,9,9,14,11,11,20,12,12,21,18,18,35,19,19,24,22,22,27,23,23,28,40,40,50
BAJAWA,KOE20919,KOE,C,Regional Jatim Bali Nt,Papua & East Non Metro,9,9,14,11,11,20,12,12,21,18,18,35,19,19,24,22,22,27,23,23,28,40,40,50
BAJAWA,KOE20920,KOE,C,Regional Jatim Bali Nt,Papua & East Non Metro,9,9,14,11,11,20,12,12,21,18,18,35,19,19,24,22,22,27,23,23,28,40,40,50
BAJAWA,KOE20921,KOE,C,Regional Jatim Bali Nt,Papua & East Non Metro,9,9,14,11,11,20,12,12,21,18,18,35,19,19,24,22,22,27,23,23,28,40,40,50
BAJAWA,KOE20922,KOE,C,Regional Jatim Bali Nt,Papua & East Non Metro,9,9,14,11,11,20,12,12,21,18,18,35,19,19,24,22,22,27,23,23,28,40,40,50
WAINGAPU,KOE21000,KOE,B,Regional Jatim Bali Nt,Papua & East Remote,16,16,18,20,20,22,21,21,23,35,35,41,26,26,31,29,29,29,30,30,30,54,54,64
WAINGAPU,KOE21001,KOE,D,Regional Jatim Bali Nt,Papua & East Remote,16,16,18,20,20,22,21,21,23,35,35,41,26,26,31,29,29,29,30,30,30,54,54,64
WAINGAPU,KOE21002,KOE,D,Regional Jatim Bali Nt,Papua & East Remote,16,16,18,20,20,22,21,21,23,35,35,41,26,26,31,29,29,29,30,30,30,54,54,64
WAINGAPU,KOE21003,KOE,D,Regional Jatim Bali Nt,Papua & East Remote,16,16,18,20,20,22,21,21,23,35,35,41,26,26,31,29,29,29,30,30,30,54,54,64
WAINGAPU,KOE21005,KOE,D,Regional Jatim Bali Nt,Papua & East Remote,16,16,18,20,20,22,21,21,23,35,35,41,26,26,31,29,29,29,30,30,30,54,54,64
WAINGAPU,KOE21006,KOE,D,Regional Jatim Bali Nt,Papua & East Remote,16,16,18,20,20,22,21,21,23,35,35,41,26,26,31,29,29,29,30,30,30,54,54,64
WAINGAPU,KOE21007,KOE,D,Regional Jatim Bali Nt,Papua & East Remote,16,16,18,20,20,22,21,21,23,35,35,41,26,26,31,29,29,29,30,30,30,54,54,64
WAINGAPU,KOE21008,KOE,D,Regional Jatim Bali Nt,Papua & East Remote,16,16,18,20,20,22,21,21,23,35,35,41,26,26,31,29,29,29,30,30,30,54,54,64
WAINGAPU,KOE21010,KOE,D,Regional Jatim Bali Nt,Papua & East Remote,16,16,18,20,20,22,21,21,23,35,35,41,26,26,31,29,29,29,30,30,30,54,54,64
WAINGAPU,KOE21011,KOE,C,Regional Jatim Bali Nt,Papua & East Remote,16,16,18,20,20,22,21,21,23,35,35,41,26,26,31,29,29,29,30,30,30,54,54,64
WAINGAPU,KOE21012,KOE,D,Regional Jatim Bali Nt,Papua & East Remote,16,16,18,20,20,22,21,21,23,35,35,41,26,26,31,29,29,29,30,30,30,54,54,64
WAINGAPU,KOE21013,KOE,D,Regional Jatim Bali Nt,Papua & East Remote,16,16,18,20,20,22,21,21,23,35,35,41,26,26,31,29,29,29,30,30,30,54,54,64
WAINGAPU,KOE21014,KOE,D,Regional Jatim Bali Nt,Papua & East Remote,16,16,18,20,20,22,21,21,23,35,35,41,26,26,31,29,29,29,30,30,30,54,54,64
WAINGAPU,KOE21015,KOE,D,Regional Jatim Bali Nt,Papua & East Remote,16,16,18,20,20,22,21,21,23,35,35,41,26,26,31,29,29,29,30,30,30,54,54,64
WAINGAPU,KOE21016,KOE,D,Regional Jatim Bali Nt,Papua & East Remote,16,16,18,20,20,22,21,21,23,35,35,41,26,26,31,29,29,29,30,30,30,54,54,64
WAINGAPU,KOE21017,KOE,D,Regional Jatim Bali Nt,Papua & East Remote,16,16,18,20,20,22,21,21,23,35,35,41,26,26,31,29,29,29,30,30,30,54,54,64
WAINGAPU,KOE21018,KOE,D,Regional Jatim Bali Nt,Papua & East Remote,16,16,18,20,20,22,21,21,23,35,35,41,26,26,31,29,29,29,30,30,30,54,54,64
WAINGAPU,KOE21019,KOE,D,Regional Jatim Bali Nt,Papua & East Remote,16,16,18,20,20,22,21,21,23,35,35,41,26,26,31,29,29,29,30,30,30,54,54,64
WAINGAPU,KOE21020,KOE,D,Regional Jatim Bali Nt,Papua & East Remote,16,16,18,20,20,22,21,21,23,35,35,41,26,26,31,29,29,29,30,30,30,54,54,64
WAINGAPU,KOE21021,KOE,B,Regional Jatim Bali Nt,Papua & East Remote,16,16,18,20,20,22,21,21,23,35,35,41,26,26,31,29,29,29,30,30,30,54,54,64
WAINGAPU,KOE21022,KOE,D,Regional Jatim Bali Nt,Papua & East Remote,16,16,18,20,20,22,21,21,23,35,35,41,26,26,31,29,29,29,30,30,30,54,54,64
WAINGAPU,KOE21023,KOE,C,Regional Jatim Bali Nt,Papua & East Remote,16,16,18,20,20,22,21,21,23,35,35,41,26,26,31,29,29,29,30,30,30,54,54,64
WAIKABUBAK,KOE21100,KOE,B,Regional Jatim Bali Nt,Papua & East Non Metro,9,9,14,11,11,20,12,12,21,18,18,35,19,19,24,22,22,27,23,23,28,40,40,50
WAIKABUBAK,KOE21103,KOE,B,Regional Jatim Bali Nt,Papua & East Non Metro,9,9,14,11,11,20,12,12,21,18,18,35,19,19,24,22,22,27,23,23,28,40,40,50
WAIKABUBAK,KOE21104,KOE,C,Regional Jatim Bali Nt,Papua & East Non Metro,9,9,14,11,11,20,12,12,21,18,18,35,19,19,24,22,22,27,23,23,28,40,40,50
WAIKABUBAK,KOE21105,KOE,C,Regional Jatim Bali Nt,Papua & East Non Metro,9,9,14,11,11,20,12,12,21,18,18,35,19,19,24,22,22,27,23,23,28,40,40,50
WAIKABUBAK,KOE21106,KOE,D,Regional Jatim Bali Nt,Papua & East Non Metro,9,9,14,11,11,20,12,12,21,18,18,35,19,19,24,22,22,27,23,23,28,40,40,50
WAIKABUBAK,KOE21107,KOE,B,Regional Jatim Bali Nt,Papua & East Non Metro,9,9,14,11,11,20,12,12,21,18,18,35,19,19,24,22,22,27,23,23,28,40,40,50
WAIKABUBAK,KOE21108,KOE,D,Regional Jatim Bali Nt,Papua & East Non Metro,9,9,14,11,11,20,12,12,21,18,18,35,19,19,24,22,22,27,23,23,28,40,40,50
WAIKABUBAK,KOE21109,KOE,C,Regional Jatim Bali Nt,Papua & East Non Metro,9,9,14,11,11,20,12,12,21,18,18,35,19,19,24,22,22,27,23,23,28,40,40,50
LABUAN BAJO,KOE21200,KOE,B,Regional Jatim Bali Nt,Papua & East Non Metro,9,9,14,11,11,20,12,12,21,18,18,35,19,19,24,22,22,27,23,23,28,40,40,50
LABUAN BAJO,KOE21201,KOE,B,Regional Jatim Bali Nt,Papua & East Non Metro,9,9,14,11,11,20,12,12,21,18,18,35,19,19,24,22,22,27,23,23,28,40,40,50
LABUAN BAJO,KOE21202,KOE,D,Regional Jatim Bali Nt,Papua & East Non Metro,9,9,14,11,11,20,12,12,21,18,18,35,19,19,24,22,22,27,23,23,28,40,40,50
LABUAN BAJO,KOE21203,KOE,C,Regional Jatim Bali Nt,Papua & East Non Metro,9,9,14,11,11,20,12,12,21,18,18,35,19,19,24,22,22,27,23,23,28,40,40,50
LABUAN BAJO,KOE21204,KOE,C,Regional Jatim Bali Nt,Papua & East Non Metro,9,9,14,11,11,20,12,12,21,18,18,35,19,19,24,22,22,27,23,23,28,40,40,50
LABUAN BAJO,KOE21205,KOE,C,Regional Jatim Bali Nt,Papua & East Non Metro,9,9,14,11,11,20,12,12,21,18,18,35,19,19,24,22,22,27,23,23,28,40,40,50
LABUAN BAJO,KOE21206,KOE,D,Regional Jatim Bali Nt,Papua & East Non Metro,9,9,14,11,11,20,12,12,21,18,18,35,19,19,24,22,22,27,23,23,28,40,40,50
LABUAN BAJO,KOE21207,KOE,C,Regional Jatim Bali Nt,Papua & East Non Metro,9,9,14,11,11,20,12,12,21,18,18,35,19,19,24,22,22,27,23,23,28,40,40,50
LABUAN BAJO,KOE21208,KOE,C,Regional Jatim Bali Nt,Papua & East Non Metro,9,9,14,11,11,20,12,12,21,18,18,35,19,19,24,22,22,27,23,23,28,40,40,50
LABUAN BAJO,KOE21209,KOE,B,Regional Jatim Bali Nt,Papua & East Non Metro,9,9,14,11,11,20,12,12,21,18,18,35,19,19,24,22,22,27,23,23,28,40,40,50
LABUAN BAJO,KOE21210,KOE,D,Regional Jatim Bali Nt,Papua & East Non Metro,9,9,14,11,11,20,12,12,21,18,18,35,19,19,24,22,22,27,23,23,28,40,40,50
BORONG,KOE21300,KOE,B,Regional Jatim Bali Nt,Papua & East Non Metro,9,9,14,11,11,20,12,12,21,18,18,35,19,19,24,22,22,27,23,23,28,40,40,50
BORONG,KOE21301,KOE,D,Regional Jatim Bali Nt,Papua & East Non Metro,9,9,14,11,11,20,12,12,21,18,18,35,19,19,24,22,22,27,23,23,28,40,40,50
BORONG,KOE21302,KOE,D,Regional Jatim Bali Nt,Papua & East Non Metro,9,9,14,11,11,20,12,12,21,18,18,35,19,19,24,22,22,27,23,23,28,40,40,50
BORONG,KOE21303,KOE,D,Regional Jatim Bali Nt,Papua & East Non Metro,9,9,14,11,11,20,12,12,21,18,18,35,19,19,24,22,22,27,23,23,28,40,40,50
BORONG,KOE21304,KOE,D,Regional Jatim Bali Nt,Papua & East Non Metro,9,9,14,11,11,20,12,12,21,18,18,35,19,19,24,22,22,27,23,23,28,40,40,50
BORONG,KOE21305,KOE,D,Regional Jatim Bali Nt,Papua & East Non Metro,9,9,14,11,11,20,12,12,21,18,18,35,19,19,24,22,22,27,23,23,28,40,40,50
BORONG,KOE21306,KOE,D,Regional Jatim Bali Nt,Papua & East Non Metro,9,9,14,11,11,20,12,12,21,18,18,35,19,19,24,22,22,27,23,23,28,40,40,50
BORONG,KOE21307,KOE,D,Regional Jatim Bali Nt,Papua & East Non Metro,9,9,14,11,11,20,12,12,21,18,18,35,19,19,24,22,22,27,23,23,28,40,40,50
BORONG,KOE21308,KOE,D,Regional Jatim Bali Nt,Papua & East Non Metro,9,9,14,11,11,20,12,12,21,18,18,35,19,19,24,22,22,27,23,23,28,40,40,50
MBAY,KOE21400,KOE,B,Regional Jatim Bali Nt,Papua & East Non Metro,9,9,14,11,11,20,12,12,21,18,18,35,19,19,24,22,22,27,23,23,28,40,40,50
MBAY,KOE21401,KOE,B,Regional Jatim Bali Nt,Papua & East Non Metro,9,9,14,11,11,20,12,12,21,18,18,35,19,19,24,22,22,27,23,23,28,40,40,50
BAJAWA,KOE21403,KOE,C,Regional Jatim Bali Nt,Papua & East Non Metro,9,9,14,11,11,20,12,12,21,18,18,35,19,19,24,22,22,27,23,23,28,40,40,50
BAJAWA,KOE21404,KOE,D,Regional Jatim Bali Nt,Papua & East Non Metro,9,9,14,11,11,20,12,12,21,18,18,35,19,19,24,22,22,27,23,23,28,40,40,50
ENDE,KOE21405,KOE,D,Regional Jatim Bali Nt,Papua & East Non Metro,9,9,14,11,11,20,12,12,21,18,18,35,19,19,24,22,22,27,23,23,28,40,40,50
MBAY,KOE21406,KOE,D,Regional Jatim Bali Nt,Papua & East Non Metro,9,9,14,11,11,20,12,12,21,18,18,35,19,19,24,22,22,27,23,23,28,40,40,50
MBAY,KOE21407,KOE,D,Regional Jatim Bali Nt,Papua & East Non Metro,9,9,14,11,11,20,12,12,21,18,18,35,19,19,24,22,22,27,23,23,28,40,40,50
MBAY,KOE21408,KOE,C,Regional Jatim Bali Nt,Papua & East Non Metro,9,9,14,11,11,20,12,12,21,18,18,35,19,19,24,22,22,27,23,23,28,40,40,50
ROTE,KOE21500,KOE,B,Regional Jatim Bali Nt,Papua & East Non Metro,9,9,14,11,11,20,12,12,21,18,18,35,19,19,24,22,22,27,23,23,28,40,40,50
ROTE,KOE21501,KOE,B,Regional Jatim Bali Nt,Papua & East Non Metro,9,9,14,11,11,20,12,12,21,18,18,35,19,19,24,22,22,27,23,23,28,40,40,50
ROTE,KOE21502,KOE,C,Regional Jatim Bali Nt,Papua & East Non Metro,9,9,14,11,11,20,12,12,21,18,18,35,19,19,24,22,22,27,23,23,28,40,40,50
ROTE,KOE21503,KOE,C,Regional Jatim Bali Nt,Papua & East Non Metro,9,9,14,11,11,20,12,12,21,18,18,35,19,19,24,22,22,27,23,23,28,40,40,50
ROTE,KOE21504,KOE,C,Regional Jatim Bali Nt,Papua & East Non Metro,9,9,14,11,11,20,12,12,21,18,18,35,19,19,24,22,22,27,23,23,28,40,40,50
ROTE,KOE21505,KOE,C,Regional Jatim Bali Nt,Papua & East Non Metro,9,9,14,11,11,20,12,12,21,18,18,35,19,19,24,22,22,27,23,23,28,40,40,50
ROTE,KOE21506,KOE,D,Regional Jatim Bali Nt,Papua & East Non Metro,9,9,14,11,11,20,12,12,21,18,18,35,19,19,24,22,22,27,23,23,28,40,40,50
ROTE,KOE21507,KOE,C,Regional Jatim Bali Nt,Papua & East Non Metro,9,9,14,11,11,20,12,12,21,18,18,35,19,19,24,22,22,27,23,23,28,40,40,50
ROTE,KOE21508,KOE,C,Regional Jatim Bali Nt,Papua & East Non Metro,9,9,14,11,11,20,12,12,21,18,18,35,19,19,24,22,22,27,23,23,28,40,40,50
ROTE,KOE21509,KOE,C,Regional Jatim Bali Nt,Papua & East Non Metro,9,9,14,11,11,20,12,12,21,18,18,35,19,19,24,22,22,27,23,23,28,40,40,50
ROTE,KOE21510,KOE,D,Regional Jatim Bali Nt,Papua & East Non Metro,9,9,14,11,11,20,12,12,21,18,18,35,19,19,24,22,22,27,23,23,28,40,40,50
TAMBOLAKA,KOE21600,KOE,B,Regional Jatim Bali Nt,Papua & East Non Metro,9,9,14,11,11,20,12,12,21,18,18,35,19,19,24,22,22,27,23,23,28,40,40,50
TAMBOLAKA,KOE21601,KOE,D,Regional Jatim Bali Nt,Papua & East Non Metro,9,9,14,11,11,20,12,12,21,18,18,35,19,19,24,22,22,27,23,23,28,40,40,50
TAMBOLAKA,KOE21602,KOE,D,Regional Jatim Bali Nt,Papua & East Non Metro,9,9,14,11,11,20,12,12,21,18,18,35,19,19,24,22,22,27,23,23,28,40,40,50
TAMBOLAKA,KOE21603,KOE,C,Regional Jatim Bali Nt,Papua & East Non Metro,9,9,14,11,11,20,12,12,21,18,18,35,19,19,24,22,22,27,23,23,28,40,40,50
TAMBOLAKA,KOE21604,KOE,D,Regional Jatim Bali Nt,Papua & East Non Metro,9,9,14,11,11,20,12,12,21,18,18,35,19,19,24,22,22,27,23,23,28,40,40,50
TAMBOLAKA,KOE21605,KOE,D,Regional Jatim Bali Nt,Papua & East Non Metro,9,9,14,11,11,20,12,12,21,18,18,35,19,19,24,22,22,27,23,23,28,40,40,50
TAMBOLAKA,KOE21606,KOE,B,Regional Jatim Bali Nt,Papua & East Non Metro,9,9,14,11,11,20,12,12,21,18,18,35,19,19,24,22,22,27,23,23,28,40,40,50
TAMBOLAKA,KOE21607,KOE,D,Regional Jatim Bali Nt,Papua & East Non Metro,9,9,14,11,11,20,12,12,21,18,18,35,19,19,24,22,22,27,23,23,28,40,40,50
TAMBOLAKA,KOE21608,KOE,C,Regional Jatim Bali Nt,Papua & East Non Metro,9,9,14,11,11,20,12,12,21,18,18,35,19,19,24,22,22,27,23,23,28,40,40,50
TAMBOLAKA,KOE21609,KOE,D,Regional Jatim Bali Nt,Papua & East Non Metro,9,9,14,11,11,20,12,12,21,18,18,35,19,19,24,22,22,27,23,23,28,40,40,50
TAMBOLAKA,KOE21610,KOE,B,Regional Jatim Bali Nt,Papua & East Non Metro,9,9,14,11,11,20,12,12,21,18,18,35,19,19,24,22,22,27,23,23,28,40,40,50
TAMBOLAKA,KOE21611,KOE,C,Regional Jatim Bali Nt,Papua & East Non Metro,9,9,14,11,11,20,12,12,21,18,18,35,19,19,24,22,22,27,23,23,28,40,40,50
LEMBATA,KOE21800,KOE,B,Regional Jatim Bali Nt,Papua & East Non Metro,9,9,14,11,11,20,12,12,21,18,18,35,19,19,24,22,22,27,23,23,28,40,40,50
LEMBATA,KOE21801,KOE,D,Regional Jatim Bali Nt,Papua & East Non Metro,9,9,14,11,11,20,12,12,21,18,18,35,19,19,24,22,22,27,23,23,28,40,40,50
LEMBATA,KOE21802,KOE,D,Regional Jatim Bali Nt,Papua & East Non Metro,9,9,14,11,11,20,12,12,21,18,18,35,19,19,24,22,22,27,23,23,28,40,40,50
LEMBATA,KOE21803,KOE,D,Regional Jatim Bali Nt,Papua & East Non Metro,9,9,14,11,11,20,12,12,21,18,18,35,19,19,24,22,22,27,23,23,28,40,40,50
LEMBATA,KOE21804,KOE,D,Regional Jatim Bali Nt,Papua & East Non Metro,9,9,14,11,11,20,12,12,21,18,18,35,19,19,24,22,22,27,23,23,28,40,40,50
LEMBATA,KOE21805,KOE,B,Regional Jatim Bali Nt,Papua & East Non Metro,9,9,14,11,11,20,12,12,21,18,18,35,19,19,24,22,22,27,23,23,28,40,40,50
LEMBATA,KOE21806,KOE,D,Regional Jatim Bali Nt,Papua & East Non Metro,9,9,14,11,11,20,12,12,21,18,18,35,19,19,24,22,22,27,23,23,28,40,40,50
LEMBATA,KOE21807,KOE,D,Regional Jatim Bali Nt,Papua & East Non Metro,9,9,14,11,11,20,12,12,21,18,18,35,19,19,24,22,22,27,23,23,28,40,40,50
LEMBATA,KOE21808,KOE,D,Regional Jatim Bali Nt,Papua & East Non Metro,9,9,14,11,11,20,12,12,21,18,18,35,19,19,24,22,22,27,23,23,28,40,40,50
LEMBATA,KOE21809,KOE,D,Regional Jatim Bali Nt,Papua & East Non Metro,9,9,14,11,11,20,12,12,21,18,18,35,19,19,24,22,22,27,23,23,28,40,40,50
KABUPATEN KUPANG,KOE21900,KOE,B,Regional Jatim Bali Nt,Papua & East Metro,6,6,9,8,8,19,9,9,20,15,15,32,16,16,21,19,19,25,20,20,26,34,34,44
KABUPATEN KUPANG,KOE21901,KOE,D,Regional Jatim Bali Nt,Papua & East Metro,6,6,9,8,8,19,9,9,20,15,15,32,16,16,21,19,19,25,20,20,26,34,34,44
KABUPATEN KUPANG,KOE21902,KOE,D,Regional Jatim Bali Nt,Papua & East Metro,6,6,9,8,8,19,9,9,20,15,15,32,16,16,21,19,19,25,20,20,26,34,34,44
KABUPATEN KUPANG,KOE21903,KOE,D,Regional Jatim Bali Nt,Papua & East Metro,6,6,9,8,8,19,9,9,20,15,15,32,16,16,21,19,19,25,20,20,26,34,34,44
KABUPATEN KUPANG,KOE21904,KOE,D,Regional Jatim Bali Nt,Papua & East Metro,6,6,9,8,8,19,9,9,20,15,15,32,16,16,21,19,19,25,20,20,26,34,34,44
KABUPATEN KUPANG,KOE21905,KOE,C,Regional Jatim Bali Nt,Papua & East Metro,6,6,9,8,8,19,9,9,20,15,15,32,16,16,21,19,19,25,20,20,26,34,34,44
KABUPATEN KUPANG,KOE21906,KOE,D,Regional Jatim Bali Nt,Papua & East Metro,6,6,9,8,8,19,9,9,20,15,15,32,16,16,21,19,19,25,20,20,26,34,34,44
KABUPATEN KUPANG,KOE21907,KOE,D,Regional Jatim Bali Nt,Papua & East Metro,6,6,9,8,8,19,9,9,20,15,15,32,16,16,21,19,19,25,20,20,26,34,34,44
KABUPATEN KUPANG,KOE21908,KOE,D,Regional Jatim Bali Nt,Papua & East Metro,6,6,9,8,8,19,9,9,20,15,15,32,16,16,21,19,19,25,20,20,26,34,34,44
KABUPATEN KUPANG,KOE21909,KOE,D,Regional Jatim Bali Nt,Papua & East Metro,6,6,9,8,8,19,9,9,20,15,15,32,16,16,21,19,19,25,20,20,26,34,34,44
KABUPATEN KUPANG,KOE21910,KOE,D,Regional Jatim Bali Nt,Papua & East Metro,6,6,9,8,8,19,9,9,20,15,15,32,16,16,21,19,19,25,20,20,26,34,34,44
KABUPATEN KUPANG,KOE21911,KOE,D,Regional Jatim Bali Nt,Papua & East Metro,6,6,9,8,8,19,9,9,20,15,15,32,16,16,21,19,19,25,20,20,26,34,34,44
KABUPATEN KUPANG,KOE21912,KOE,D,Regional Jatim Bali Nt,Papua & East Metro,6,6,9,8,8,19,9,9,20,15,15,32,16,16,21,19,19,25,20,20,26,34,34,44
SABU,KOE21913,KOE,C,Regional Jatim Bali Nt,Papua & East Remote,16,16,18,20,20,22,21,21,23,35,35,41,26,26,31,29,29,29,30,30,30,54,54,64
KABUPATEN KUPANG,KOE21914,KOE,B,Regional Jatim Bali Nt,Papua & East Metro,6,6,9,8,8,19,9,9,20,15,15,32,16,16,21,19,19,25,20,20,26,34,34,44
KABUPATEN KUPANG,KOE21915,KOE,B,Regional Jatim Bali Nt,Papua & East Metro,6,6,9,8,8,19,9,9,20,15,15,32,16,16,21,19,19,25,20,20,26,34,34,44
KABUPATEN KUPANG,KOE21916,KOE,B,Regional Jatim Bali Nt,Papua & East Metro,6,6,9,8,8,19,9,9,20,15,15,32,16,16,21,19,19,25,20,20,26,34,34,44
KABUPATEN KUPANG,KOE21917,KOE,C,Regional Jatim Bali Nt,Papua & East Metro,6,6,9,8,8,19,9,9,20,15,15,32,16,16,21,19,19,25,20,20,26,34,34,44
SABU,KOE21918,KOE,D,Regional Jatim Bali Nt,Papua & East Remote,16,16,18,20,20,22,21,21,23,35,35,41,26,26,31,29,29,29,30,30,30,54,54,64
SABU,KOE21919,KOE,B,Regional Jatim Bali Nt,Papua & East Remote,16,16,18,20,20,22,21,21,23,35,35,41,26,26,31,29,29,29,30,30,30,54,54,64
SABU,KOE21920,KOE,C,Regional Jatim Bali Nt,Papua & East Remote,16,16,18,20,20,22,21,21,23,35,35,41,26,26,31,29,29,29,30,30,30,54,54,64
SABU,KOE21921,KOE,B,Regional Jatim Bali Nt,Papua & East Remote,16,16,18,20,20,22,21,21,23,35,35,41,26,26,31,29,29,29,30,30,30,54,54,64
KABUPATEN KUPANG,KOE21922,KOE,D,Regional Jatim Bali Nt,Papua & East Metro,6,6,9,8,8,19,9,9,20,15,15,32,16,16,21,19,19,25,20,20,26,34,34,44
KABUPATEN KUPANG,KOE21923,KOE,D,Regional Jatim Bali Nt,Papua & East Metro,6,6,9,8,8,19,9,9,20,15,15,32,16,16,21,19,19,25,20,20,26,34,34,44
KABUPATEN KUPANG,KOE21924,KOE,D,Regional Jatim Bali Nt,Papua & East Metro,6,6,9,8,8,19,9,9,20,15,15,32,16,16,21,19,19,25,20,20,26,34,34,44
KABUPATEN KUPANG,KOE21925,KOE,D,Regional Jatim Bali Nt,Papua & East Metro,6,6,9,8,8,19,9,9,20,15,15,32,16,16,21,19,19,25,20,20,26,34,34,44
KABUPATEN KUPANG,KOE21926,KOE,B,Regional Jatim Bali Nt,Papua & East Metro,6,6,9,8,8,19,9,9,20,15,15,32,16,16,21,19,19,25,20,20,26,34,34,44
KABUPATEN KUPANG,KOE21927,KOE,D,Regional Jatim Bali Nt,Papua & East Metro,6,6,9,8,8,19,9,9,20,15,15,32,16,16,21,19,19,25,20,20,26,34,34,44
KABUPATEN KUPANG,KOE21928,KOE,D,Regional Jatim Bali Nt,Papua & East Metro,6,6,9,8,8,19,9,9,20,15,15,32,16,16,21,19,19,25,20,20,26,34,34,44
KABUPATEN KUPANG,KOE21929,KOE,D,Regional Jatim Bali Nt,Papua & East Metro,6,6,9,8,8,19,9,9,20,15,15,32,16,16,21,19,19,25,20,20,26,34,34,44
MALAKA,KOE22000,KOE,C,Regional Jatim Bali Nt,Papua & East Non Metro,9,9,14,11,11,20,12,12,21,18,18,35,19,19,24,22,22,27,23,23,28,40,40,50
MALAKA,KOE22001,KOE,B,Regional Jatim Bali Nt,Papua & East Non Metro,9,9,14,11,11,20,12,12,21,18,18,35,19,19,24,22,22,27,23,23,28,40,40,50
MALAKA,KOE22002,KOE,D,Regional Jatim Bali Nt,Papua & East Non Metro,9,9,14,11,11,20,12,12,21,18,18,35,19,19,24,22,22,27,23,23,28,40,40,50
MALAKA,KOE22003,KOE,C,Regional Jatim Bali Nt,Papua & East Non Metro,9,9,14,11,11,20,12,12,21,18,18,35,19,19,24,22,22,27,23,23,28,40,40,50
MALAKA,KOE22004,KOE,D,Regional Jatim Bali Nt,Papua & East Non Metro,9,9,14,11,11,20,12,12,21,18,18,35,19,19,24,22,22,27,23,23,28,40,40,50
MALAKA,KOE22005,KOE,D,Regional Jatim Bali Nt,Papua & East Non Metro,9,9,14,11,11,20,12,12,21,18,18,35,19,19,24,22,22,27,23,23,28,40,40,50
SABU,KOE22100,KOE,B,Regional Jatim Bali Nt,Papua & East Remote,16,16,18,20,20,22,21,21,23,35,35,41,26,26,31,29,29,29,30,30,30,54,54,64
LABUAN BAJO,LBJ10000,LBJ,A,Regional Jatim Bali Nt,Papua & East Non Metro,9,9,14,11,11,20,12,12,21,18,18,35,19,19,24,22,22,27,23,23,28,40,40,50
LABUAN BAJO,LBJ10001,LBJ,B,Regional Jatim Bali Nt,Papua & East Non Metro,9,9,14,11,11,20,12,12,21,18,18,35,19,19,24,22,22,27,23,23,28,40,40,50
LABUAN BAJO,LBJ10002,LBJ,C,Regional Jatim Bali Nt,Papua & East Non Metro,9,9,14,11,11,20,12,12,21,18,18,35,19,19,24,22,22,27,23,23,28,40,40,50
LABUAN BAJO,LBJ10003,LBJ,C,Regional Jatim Bali Nt,Papua & East Non Metro,9,9,14,11,11,20,12,12,21,18,18,35,19,19,24,22,22,27,23,23,28,40,40,50
LABUAN BAJO,LBJ10004,LBJ,C,Regional Jatim Bali Nt,Papua & East Non Metro,9,9,14,11,11,20,12,12,21,18,18,35,19,19,24,22,22,27,23,23,28,40,40,50
LABUAN BAJO,LBJ10005,LBJ,D,Regional Jatim Bali Nt,Papua & East Non Metro,9,9,14,11,11,20,12,12,21,18,18,35,19,19,24,22,22,27,23,23,28,40,40,50
BORONG,LBJ10100,LBJ,B,Regional Jatim Bali Nt,Papua & East Non Metro,9,9,14,11,11,20,12,12,21,18,18,35,19,19,24,22,22,27,23,23,28,40,40,50
BORONG,LBJ10101,LBJ,D,Regional Jatim Bali Nt,Papua & East Non Metro,9,9,14,11,11,20,12,12,21,18,18,35,19,19,24,22,22,27,23,23,28,40,40,50
BORONG,LBJ10102,LBJ,D,Regional Jatim Bali Nt,Papua & East Non Metro,9,9,14,11,11,20,12,12,21,18,18,35,19,19,24,22,22,27,23,23,28,40,40,50
BORONG,LBJ10103,LBJ,D,Regional Jatim Bali Nt,Papua & East Non Metro,9,9,14,11,11,20,12,12,21,18,18,35,19,19,24,22,22,27,23,23,28,40,40,50
BORONG,LBJ10104,LBJ,D,Regional Jatim Bali Nt,Papua & East Non Metro,9,9,14,11,11,20,12,12,21,18,18,35,19,19,24,22,22,27,23,23,28,40,40,50
BORONG,LBJ10105,LBJ,D,Regional Jatim Bali Nt,Papua & East Non Metro,9,9,14,11,11,20,12,12,21,18,18,35,19,19,24,22,22,27,23,23,28,40,40,50
BORONG,LBJ10106,LBJ,D,Regional Jatim Bali Nt,Papua & East Non Metro,9,9,14,11,11,20,12,12,21,18,18,35,19,19,24,22,22,27,23,23,28,40,40,50
BORONG,LBJ10107,LBJ,D,Regional Jatim Bali Nt,Papua & East Non Metro,9,9,14,11,11,20,12,12,21,18,18,35,19,19,24,22,22,27,23,23,28,40,40,50
BORONG,LBJ10108,LBJ,D,Regional Jatim Bali Nt,Papua & East Non Metro,9,9,14,11,11,20,12,12,21,18,18,35,19,19,24,22,22,27,23,23,28,40,40,50
RUTENG,LBJ10200,LBJ,B,Regional Jatim Bali Nt,Papua & East Non Metro,9,9,14,11,11,20,12,12,21,18,18,35,19,19,24,22,22,27,23,23,28,40,40,50
RUTENG,LBJ10201,LBJ,D,Regional Jatim Bali Nt,Papua & East Non Metro,9,9,14,11,11,20,12,12,21,18,18,35,19,19,24,22,22,27,23,23,28,40,40,50
RUTENG,LBJ10202,LBJ,C,Regional Jatim Bali Nt,Papua & East Non Metro,9,9,14,11,11,20,12,12,21,18,18,35,19,19,24,22,22,27,23,23,28,40,40,50
RUTENG,LBJ10203,LBJ,D,Regional Jatim Bali Nt,Papua & East Non Metro,9,9,14,11,11,20,12,12,21,18,18,35,19,19,24,22,22,27,23,23,28,40,40,50
RUTENG,LBJ10204,LBJ,D,Regional Jatim Bali Nt,Papua & East Non Metro,9,9,14,11,11,20,12,12,21,18,18,35,19,19,24,22,22,27,23,23,28,40,40,50
RUTENG,LBJ10205,LBJ,D,Regional Jatim Bali Nt,Papua & East Non Metro,9,9,14,11,11,20,12,12,21,18,18,35,19,19,24,22,22,27,23,23,28,40,40,50
RUTENG,LBJ10206,LBJ,D,Regional Jatim Bali Nt,Papua & East Non Metro,9,9,14,11,11,20,12,12,21,18,18,35,19,19,24,22,22,27,23,23,28,40,40,50
RUTENG,LBJ10207,LBJ,D,Regional Jatim Bali Nt,Papua & East Non Metro,9,9,14,11,11,20,12,12,21,18,18,35,19,19,24,22,22,27,23,23,28,40,40,50
RUTENG,LBJ10208,LBJ,B,Regional Jatim Bali Nt,Papua & East Non Metro,9,9,14,11,11,20,12,12,21,18,18,35,19,19,24,22,22,27,23,23,28,40,40,50
RUTENG,LBJ10209,LBJ,D,Regional Jatim Bali Nt,Papua & East Non Metro,9,9,14,11,11,20,12,12,21,18,18,35,19,19,24,22,22,27,23,23,28,40,40,50
RUTENG,LBJ10210,LBJ,D,Regional Jatim Bali Nt,Papua & East Non Metro,9,9,14,11,11,20,12,12,21,18,18,35,19,19,24,22,22,27,23,23,28,40,40,50
BAJAWA,LBJ10300,LBJ,B,Regional Jatim Bali Nt,Papua & East Non Metro,9,9,14,11,11,20,12,12,21,18,18,35,19,19,24,22,22,27,23,23,28,40,40,50
LABUAN BAJO,LBJ10301,LBJ,B,Regional Jatim Bali Nt,Papua & East Non Metro,9,9,14,11,11,20,12,12,21,18,18,35,19,19,24,22,22,27,23,23,28,40,40,50
BAJAWA,LBJ10302,LBJ,B,Regional Jatim Bali Nt,Papua & East Non Metro,9,9,14,11,11,20,12,12,21,18,18,35,19,19,24,22,22,27,23,23,28,40,40,50
LABUAN BAJO,LBJ10303,LBJ,C,Regional Jatim Bali Nt,Papua & East Non Metro,9,9,14,11,11,20,12,12,21,18,18,35,19,19,24,22,22,27,23,23,28,40,40,50
LABUAN BAJO,LBJ10304,LBJ,C,Regional Jatim Bali Nt,Papua & East Non Metro,9,9,14,11,11,20,12,12,21,18,18,35,19,19,24,22,22,27,23,23,28,40,40,50
BAJAWA,LBJ10305,LBJ,C,Regional Jatim Bali Nt,Papua & East Non Metro,9,9,14,11,11,20,12,12,21,18,18,35,19,19,24,22,22,27,23,23,28,40,40,50
BAJAWA,LBJ10306,LBJ,C,Regional Jatim Bali Nt,Papua & East Non Metro,9,9,14,11,11,20,12,12,21,18,18,35,19,19,24,22,22,27,23,23,28,40,40,50
BAJAWA,LBJ10307,LBJ,C,Regional Jatim Bali Nt,Papua & East Non Metro,9,9,14,11,11,20,12,12,21,18,18,35,19,19,24,22,22,27,23,23,28,40,40,50
BAJAWA,LBJ10308,LBJ,C,Regional Jatim Bali Nt,Papua & East Non Metro,9,9,14,11,11,20,12,12,21,18,18,35,19,19,24,22,22,27,23,23,28,40,40,50
BAJAWA,LBJ10309,LBJ,C,Regional Jatim Bali Nt,Papua & East Non Metro,9,9,14,11,11,20,12,12,21,18,18,35,19,19,24,22,22,27,23,23,28,40,40,50
BAJAWA,LBJ10310,LBJ,C,Regional Jatim Bali Nt,Papua & East Non Metro,9,9,14,11,11,20,12,12,21,18,18,35,19,19,24,22,22,27,23,23,28,40,40,50
BAJAWA,LBJ10311,LBJ,C,Regional Jatim Bali Nt,Papua & East Non Metro,9,9,14,11,11,20,12,12,21,18,18,35,19,19,24,22,22,27,23,23,28,40,40,50
LABUAN BAJO,LBJ10312,LBJ,D,Regional Jatim Bali Nt,Papua & East Non Metro,9,9,14,11,11,20,12,12,21,18,18,35,19,19,24,22,22,27,23,23,28,40,40,50
LABUAN BAJO,LBJ10313,LBJ,D,Regional Jatim Bali Nt,Papua & East Non Metro,9,9,14,11,11,20,12,12,21,18,18,35,19,19,24,22,22,27,23,23,28,40,40,50
BAJAWA,LBJ10314,LBJ,D,Regional Jatim Bali Nt,Papua & East Non Metro,9,9,14,11,11,20,12,12,21,18,18,35,19,19,24,22,22,27,23,23,28,40,40,50
BAJAWA,LBJ10315,LBJ,D,Regional Jatim Bali Nt,Papua & East Non Metro,9,9,14,11,11,20,12,12,21,18,18,35,19,19,24,22,22,27,23,23,28,40,40,50
BAJAWA,LBJ10316,LBJ,D,Regional Jatim Bali Nt,Papua & East Non Metro,9,9,14,11,11,20,12,12,21,18,18,35,19,19,24,22,22,27,23,23,28,40,40,50
LEMBATA,LBJ10317,LBJ,D,Regional Jatim Bali Nt,Papua & East Non Metro,9,9,14,11,11,20,12,12,21,18,18,35,19,19,24,22,22,27,23,23,28,40,40,50
MBAY,LBJ10400,LBJ,B,Regional Jatim Bali Nt,Papua & East Non Metro,9,9,14,11,11,20,12,12,21,18,18,35,19,19,24,22,22,27,23,23,28,40,40,50
MBAY,LBJ10401,LBJ,B,Regional Jatim Bali Nt,Papua & East Non Metro,9,9,14,11,11,20,12,12,21,18,18,35,19,19,24,22,22,27,23,23,28,40,40,50
BAJAWA,LBJ10402,LBJ,C,Regional Jatim Bali Nt,Papua & East Non Metro,9,9,14,11,11,20,12,12,21,18,18,35,19,19,24,22,22,27,23,23,28,40,40,50
BAJAWA,LBJ10403,LBJ,D,Regional Jatim Bali Nt,Papua & East Non Metro,9,9,14,11,11,20,12,12,21,18,18,35,19,19,24,22,22,27,23,23,28,40,40,50
ENDE,LBJ10404,LBJ,D,Regional Jatim Bali Nt,Papua & East Non Metro,9,9,14,11,11,20,12,12,21,18,18,35,19,19,24,22,22,27,23,23,28,40,40,50
MBAY,LBJ10405,LBJ,D,Regional Jatim Bali Nt,Papua & East Non Metro,9,9,14,11,11,20,12,12,21,18,18,35,19,19,24,22,22,27,23,23,28,40,40,50
MBAY,LBJ10406,LBJ,D,Regional Jatim Bali Nt,Papua & East Non Metro,9,9,14,11,11,20,12,12,21,18,18,35,19,19,24,22,22,27,23,23,28,40,40,50
MBAY,LBJ10407,LBJ,C,Regional Jatim Bali Nt,Papua & East Non Metro,9,9,14,11,11,20,12,12,21,18,18,35,19,19,24,22,22,27,23,23,28,40,40,50
ENDE,LBJ10500,LBJ,B,Regional Jatim Bali Nt,Papua & East Non Metro,9,9,14,11,11,20,12,12,21,18,18,35,19,19,24,22,22,27,23,23,28,40,40,50
ENDE,LBJ10501,LBJ,C,Regional Jatim Bali Nt,Papua & East Non Metro,9,9,14,11,11,20,12,12,21,18,18,35,19,19,24,22,22,27,23,23,28,40,40,50
ENDE,LBJ10502,LBJ,C,Regional Jatim Bali Nt,Papua & East Non Metro,9,9,14,11,11,20,12,12,21,18,18,35,19,19,24,22,22,27,23,23,28,40,40,50
ENDE,LBJ10503,LBJ,C,Regional Jatim Bali Nt,Papua & East Non Metro,9,9,14,11,11,20,12,12,21,18,18,35,19,19,24,22,22,27,23,23,28,40,40,50
ENDE,LBJ10504,LBJ,C,Regional Jatim Bali Nt,Papua & East Non Metro,9,9,14,11,11,20,12,12,21,18,18,35,19,19,24,22,22,27,23,23,28,40,40,50
ENDE,LBJ10505,LBJ,C,Regional Jatim Bali Nt,Papua & East Non Metro,9,9,14,11,11,20,12,12,21,18,18,35,19,19,24,22,22,27,23,23,28,40,40,50
ENDE,LBJ10506,LBJ,B,Regional Jatim Bali Nt,Papua & East Non Metro,9,9,14,11,11,20,12,12,21,18,18,35,19,19,24,22,22,27,23,23,28,40,40,50
ENDE,LBJ10507,LBJ,B,Regional Jatim Bali Nt,Papua & East Non Metro,9,9,14,11,11,20,12,12,21,18,18,35,19,19,24,22,22,27,23,23,28,40,40,50
ENDE,LBJ10508,LBJ,B,Regional Jatim Bali Nt,Papua & East Non Metro,9,9,14,11,11,20,12,12,21,18,18,35,19,19,24,22,22,27,23,23,28,40,40,50
ENDE,LBJ10509,LBJ,B,Regional Jatim Bali Nt,Papua & East Non Metro,9,9,14,11,11,20,12,12,21,18,18,35,19,19,24,22,22,27,23,23,28,40,40,50
ENDE,LBJ10510,LBJ,C,Regional Jatim Bali Nt,Papua & East Non Metro,9,9,14,11,11,20,12,12,21,18,18,35,19,19,24,22,22,27,23,23,28,40,40,50
ENDE,LBJ10511,LBJ,D,Regional Jatim Bali Nt,Papua & East Non Metro,9,9,14,11,11,20,12,12,21,18,18,35,19,19,24,22,22,27,23,23,28,40,40,50
ENDE,LBJ10512,LBJ,D,Regional Jatim Bali Nt,Papua & East Non Metro,9,9,14,11,11,20,12,12,21,18,18,35,19,19,24,22,22,27,23,23,28,40,40,50
ENDE,LBJ10513,LBJ,D,Regional Jatim Bali Nt,Papua & East Non Metro,9,9,14,11,11,20,12,12,21,18,18,35,19,19,24,22,22,27,23,23,28,40,40,50
ENDE,LBJ10514,LBJ,C,Regional Jatim Bali Nt,Papua & East Non Metro,9,9,14,11,11,20,12,12,21,18,18,35,19,19,24,22,22,27,23,23,28,40,40,50
ENDE,LBJ10515,LBJ,D,Regional Jatim Bali Nt,Papua & East Non Metro,9,9,14,11,11,20,12,12,21,18,18,35,19,19,24,22,22,27,23,23,28,40,40,50
ENDE,LBJ10516,LBJ,D,Regional Jatim Bali Nt,Papua & East Non Metro,9,9,14,11,11,20,12,12,21,18,18,35,19,19,24,22,22,27,23,23,28,40,40,50
ENDE,LBJ10517,LBJ,D,Regional Jatim Bali Nt,Papua & East Non Metro,9,9,14,11,11,20,12,12,21,18,18,35,19,19,24,22,22,27,23,23,28,40,40,50
ENDE,LBJ10518,LBJ,C,Regional Jatim Bali Nt,Papua & East Non Metro,9,9,14,11,11,20,12,12,21,18,18,35,19,19,24,22,22,27,23,23,28,40,40,50
ENDE,LBJ10519,LBJ,C,Regional Jatim Bali Nt,Papua & East Non Metro,9,9,14,11,11,20,12,12,21,18,18,35,19,19,24,22,22,27,23,23,28,40,40,50
ENDE,LBJ10520,LBJ,D,Regional Jatim Bali Nt,Papua & East Non Metro,9,9,14,11,11,20,12,12,21,18,18,35,19,19,24,22,22,27,23,23,28,40,40,50
MAUMERE,LBJ10600,LBJ,B,Regional Jatim Bali Nt,Papua & East Non Metro,9,9,14,11,11,20,12,12,21,18,18,35,19,19,24,22,22,27,23,23,28,40,40,50
MAUMERE,LBJ10601,LBJ,B,Regional Jatim Bali Nt,Papua & East Non Metro,9,9,14,11,11,20,12,12,21,18,18,35,19,19,24,22,22,27,23,23,28,40,40,50
MAUMERE,LBJ10602,LBJ,B,Regional Jatim Bali Nt,Papua & East Non Metro,9,9,14,11,11,20,12,12,21,18,18,35,19,19,24,22,22,27,23,23,28,40,40,50
MAUMERE,LBJ10603,LBJ,C,Regional Jatim Bali Nt,Papua & East Non Metro,9,9,14,11,11,20,12,12,21,18,18,35,19,19,24,22,22,27,23,23,28,40,40,50
MAUMERE,LBJ10604,LBJ,B,Regional Jatim Bali Nt,Papua & East Non Metro,9,9,14,11,11,20,12,12,21,18,18,35,19,19,24,22,22,27,23,23,28,40,40,50
MAUMERE,LBJ10605,LBJ,C,Regional Jatim Bali Nt,Papua & East Non Metro,9,9,14,11,11,20,12,12,21,18,18,35,19,19,24,22,22,27,23,23,28,40,40,50
MAUMERE,LBJ10606,LBJ,C,Regional Jatim Bali Nt,Papua & East Non Metro,9,9,14,11,11,20,12,12,21,18,18,35,19,19,24,22,22,27,23,23,28,40,40,50
MAUMERE,LBJ10607,LBJ,B,Regional Jatim Bali Nt,Papua & East Non Metro,9,9,14,11,11,20,12,12,21,18,18,35,19,19,24,22,22,27,23,23,28,40,40,50
MAUMERE,LBJ10608,LBJ,C,Regional Jatim Bali Nt,Papua & East Non Metro,9,9,14,11,11,20,12,12,21,18,18,35,19,19,24,22,22,27,23,23,28,40,40,50
MAUMERE,LBJ10609,LBJ,D,Regional Jatim Bali Nt,Papua & East Non Metro,9,9,14,11,11,20,12,12,21,18,18,35,19,19,24,22,22,27,23,23,28,40,40,50
MAUMERE,LBJ10610,LBJ,B,Regional Jatim Bali Nt,Papua & East Non Metro,9,9,14,11,11,20,12,12,21,18,18,35,19,19,24,22,22,27,23,23,28,40,40,50
MAUMERE,LBJ10611,LBJ,C,Regional Jatim Bali Nt,Papua & East Non Metro,9,9,14,11,11,20,12,12,21,18,18,35,19,19,24,22,22,27,23,23,28,40,40,50
MAUMERE,LBJ10612,LBJ,C,Regional Jatim Bali Nt,Papua & East Non Metro,9,9,14,11,11,20,12,12,21,18,18,35,19,19,24,22,22,27,23,23,28,40,40,50
MAUMERE,LBJ10613,LBJ,B,Regional Jatim Bali Nt,Papua & East Non Metro,9,9,14,11,11,20,12,12,21,18,18,35,19,19,24,22,22,27,23,23,28,40,40,50
MAUMERE,LBJ10614,LBJ,C,Regional Jatim Bali Nt,Papua & East Non Metro,9,9,14,11,11,20,12,12,21,18,18,35,19,19,24,22,22,27,23,23,28,40,40,50
MAUMERE,LBJ10615,LBJ,B,Regional Jatim Bali Nt,Papua & East Non Metro,9,9,14,11,11,20,12,12,21,18,18,35,19,19,24,22,22,27,23,23,28,40,40,50
MAUMERE,LBJ10616,LBJ,B,Regional Jatim Bali Nt,Papua & East Non Metro,9,9,14,11,11,20,12,12,21,18,18,35,19,19,24,22,22,27,23,23,28,40,40,50
MAUMERE,LBJ10617,LBJ,B,Regional Jatim Bali Nt,Papua & East Non Metro,9,9,14,11,11,20,12,12,21,18,18,35,19,19,24,22,22,27,23,23,28,40,40,50
MAUMERE,LBJ10618,LBJ,B,Regional Jatim Bali Nt,Papua & East Non Metro,9,9,14,11,11,20,12,12,21,18,18,35,19,19,24,22,22,27,23,23,28,40,40,50
MAUMERE,LBJ10619,LBJ,B,Regional Jatim Bali Nt,Papua & East Non Metro,9,9,14,11,11,20,12,12,21,18,18,35,19,19,24,22,22,27,23,23,28,40,40,50
MAUMERE,LBJ10620,LBJ,C,Regional Jatim Bali Nt,Papua & East Non Metro,9,9,14,11,11,20,12,12,21,18,18,35,19,19,24,22,22,27,23,23,28,40,40,50
MAUMERE,LBJ10621,LBJ,C,Regional Jatim Bali Nt,Papua & East Non Metro,9,9,14,11,11,20,12,12,21,18,18,35,19,19,24,22,22,27,23,23,28,40,40,50
LARANTUKA,LBJ10700,LBJ,B,Regional Jatim Bali Nt,Papua & East Non Metro,9,9,14,11,11,20,12,12,21,18,18,35,19,19,24,22,22,27,23,23,28,40,40,50
LARANTUKA,LBJ10701,LBJ,C,Regional Jatim Bali Nt,Papua & East Non Metro,9,9,14,11,11,20,12,12,21,18,18,35,19,19,24,22,22,27,23,23,28,40,40,50
LARANTUKA,LBJ10702,LBJ,C,Regional Jatim Bali Nt,Papua & East Non Metro,9,9,14,11,11,20,12,12,21,18,18,35,19,19,24,22,22,27,23,23,28,40,40,50
LARANTUKA,LBJ10703,LBJ,C,Regional Jatim Bali Nt,Papua & East Non Metro,9,9,14,11,11,20,12,12,21,18,18,35,19,19,24,22,22,27,23,23,28,40,40,50
LARANTUKA,LBJ10704,LBJ,C,Regional Jatim Bali Nt,Papua & East Non Metro,9,9,14,11,11,20,12,12,21,18,18,35,19,19,24,22,22,27,23,23,28,40,40,50
LARANTUKA,LBJ10705,LBJ,C,Regional Jatim Bali Nt,Papua & East Non Metro,9,9,14,11,11,20,12,12,21,18,18,35,19,19,24,22,22,27,23,23,28,40,40,50
LARANTUKA,LBJ10706,LBJ,C,Regional Jatim Bali Nt,Papua & East Non Metro,9,9,14,11,11,20,12,12,21,18,18,35,19,19,24,22,22,27,23,23,28,40,40,50
LARANTUKA,LBJ10707,LBJ,C,Regional Jatim Bali Nt,Papua & East Non Metro,9,9,14,11,11,20,12,12,21,18,18,35,19,19,24,22,22,27,23,23,28,40,40,50
LARANTUKA,LBJ10708,LBJ,C,Regional Jatim Bali Nt,Papua & East Non Metro,9,9,14,11,11,20,12,12,21,18,18,35,19,19,24,22,22,27,23,23,28,40,40,50
LARANTUKA,LBJ10709,LBJ,C,Regional Jatim Bali Nt,Papua & East Non Metro,9,9,14,11,11,20,12,12,21,18,18,35,19,19,24,22,22,27,23,23,28,40,40,50
LARANTUKA,LBJ10710,LBJ,C,Regional Jatim Bali Nt,Papua & East Non Metro,9,9,14,11,11,20,12,12,21,18,18,35,19,19,24,22,22,27,23,23,28,40,40,50
LARANTUKA,LBJ10711,LBJ,C,Regional Jatim Bali Nt,Papua & East Non Metro,9,9,14,11,11,20,12,12,21,18,18,35,19,19,24,22,22,27,23,23,28,40,40,50
LARANTUKA,LBJ10712,LBJ,C,Regional Jatim Bali Nt,Papua & East Non Metro,9,9,14,11,11,20,12,12,21,18,18,35,19,19,24,22,22,27,23,23,28,40,40,50
LARANTUKA,LBJ10713,LBJ,C,Regional Jatim Bali Nt,Papua & East Non Metro,9,9,14,11,11,20,12,12,21,18,18,35,19,19,24,22,22,27,23,23,28,40,40,50
LARANTUKA,LBJ10714,LBJ,C,Regional Jatim Bali Nt,Papua & East Non Metro,9,9,14,11,11,20,12,12,21,18,18,35,19,19,24,22,22,27,23,23,28,40,40,50
LARANTUKA,LBJ10715,LBJ,C,Regional Jatim Bali Nt,Papua & East Non Metro,9,9,14,11,11,20,12,12,21,18,18,35,19,19,24,22,22,27,23,23,28,40,40,50
LARANTUKA,LBJ10716,LBJ,C,Regional Jatim Bali Nt,Papua & East Non Metro,9,9,14,11,11,20,12,12,21,18,18,35,19,19,24,22,22,27,23,23,28,40,40,50
LARANTUKA,LBJ10717,LBJ,C,Regional Jatim Bali Nt,Papua & East Non Metro,9,9,14,11,11,20,12,12,21,18,18,35,19,19,24,22,22,27,23,23,28,40,40,50
LARANTUKA,LBJ10718,LBJ,C,Regional Jatim Bali Nt,Papua & East Non Metro,9,9,14,11,11,20,12,12,21,18,18,35,19,19,24,22,22,27,23,23,28,40,40,50
LEMBATA,LBJ10800,LBJ,B,Regional Jatim Bali Nt,Papua & East Non Metro,9,9,14,11,11,20,12,12,21,18,18,35,19,19,24,22,22,27,23,23,28,40,40,50
LEMBATA,LBJ10801,LBJ,D,Regional Jatim Bali Nt,Papua & East Non Metro,9,9,14,11,11,20,12,12,21,18,18,35,19,19,24,22,22,27,23,23,28,40,40,50
LEMBATA,LBJ10802,LBJ,D,Regional Jatim Bali Nt,Papua & East Non Metro,9,9,14,11,11,20,12,12,21,18,18,35,19,19,24,22,22,27,23,23,28,40,40,50
LEMBATA,LBJ10803,LBJ,D,Regional Jatim Bali Nt,Papua & East Non Metro,9,9,14,11,11,20,12,12,21,18,18,35,19,19,24,22,22,27,23,23,28,40,40,50
LEMBATA,LBJ10804,LBJ,D,Regional Jatim Bali Nt,Papua & East Non Metro,9,9,14,11,11,20,12,12,21,18,18,35,19,19,24,22,22,27,23,23,28,40,40,50
LEMBATA,LBJ10805,LBJ,B,Regional Jatim Bali Nt,Papua & East Non Metro,9,9,14,11,11,20,12,12,21,18,18,35,19,19,24,22,22,27,23,23,28,40,40,50
LEMBATA,LBJ10806,LBJ,D,Regional Jatim Bali Nt,Papua & East Non Metro,9,9,14,11,11,20,12,12,21,18,18,35,19,19,24,22,22,27,23,23,28,40,40,50
LEMBATA,LBJ10807,LBJ,D,Regional Jatim Bali Nt,Papua & East Non Metro,9,9,14,11,11,20,12,12,21,18,18,35,19,19,24,22,22,27,23,23,28,40,40,50
LEMBATA,LBJ10808,LBJ,D,Regional Jatim Bali Nt,Papua & East Non Metro,9,9,14,11,11,20,12,12,21,18,18,35,19,19,24,22,22,27,23,23,28,40,40,50
